Accession	Tolid	# scaffolds	Total scaffold length	Average scaffold length	Scaffold N50	Scaffold auN	Scaffold L50	Largest scaffold	Smallest scaffold	# contigs	Total contig length	Average contig length	Contig N50	Contig auN	Contig L50	Largest contig	Smallest contig	# gaps in scaffolds	Total gap length in scaffolds	Average gap length in scaffolds	Gap N50 in scaffolds	Gap auN in scaffolds	Gap L50 in scaffolds	Largest gap in scaffolds	Smallest gap in scaffolds	Base composition (A	GC content	# soft-masked bases	# segments	Total segment length	Average segment length	# gaps	# paths
GCA_904848185.1	fAcaLat1.1		65	685127588	10540424.43	30717905	28876135.05	11	35910746	24678	214	685112688	3201461.16	14880455	12703409.57	18	23498676	6946	149	14900	100.00	100	100.00	75	100	100	198395240:144250144:144109362:198357942	42.09	152088249	214	685112688	3201461.16	149	65	
GCA_027559615.1	bAcrTri1.pri		455	1193419045	2622899.00	75254055	71975411.73	6	156254668	18654	890	1190996522	1338198.34	7308823	9387824.14	44	32755575	17121	435	2422523	5569.02	145187	229343.95	4	587868	13	343643410:251470932:252611528:343270652	42.32	257521613	890	1190996522	1338198.34	435	455	
GCA_030867065.1	rAllMis1		670	2373280586	3542209.83	256319922	253674127.34	4	481293216	14790	806	2368804882	2938963.87	43841264	51151481.95	17	130564019	14790	136	4475704	32909.59	272943	358551.34	5	941998	13	651021584:533078783:533810242:650894273	45.04	738706606	806	2368804882	2938963.87	136	670	
GCA_030867095.1	rAllMis1		194	2346779227	12096800.14	255078640	253220346.07	4	486595084	19498	355	2330325380	6564296.85	38556409	50187616.61	18	130487753	19498	161	16453847	102197.81	768703	1203616.65	5	2756256	13	641042731:524796100:524027532:640459017	45.01	737172547	355	2330325380	6564296.85	161	194	
GCF_018492685.1	fAloSap1.pri		74	903581644	12210562.76	38440066	37956932.54	11	56504578	2376	1713	898585832	524568.50	1565278	2070233.65	165	12180528	2376	1639	4995812	3048.09	20007	52952.94	59	368186	13	255335900:194061231:193906446:255282255	43.18	344765054	1713	898585832	524568.50	1639	74	
GCA_039720435.1	bAmaOch1.hap1		1679	1361915838	811147.01	92674118	78777770.83	6	138638134	11173	1877	1361880138	725562.14	14879228	18831306.06	26	66277070	11173	198	35700	180.30	200	189.08	90	200	100	385453496:295213409:296162188:385051045	43.42	405282539	1877	1361880138	725562.14	198	1679	
GCA_036373705.1	fAmiCal2.hap1		390	989120851	2536207.31	44181238	41418101.42	10	64379224	4190	487	989101451	2031009.14	17465777	17537303.51	20	37401183	4190	97	19400	200.00	200	200.00	49	200	200	293178870:201680863:201414229:292827489	40.75	365899834	487	989101451	2031009.14	97	390	
GCA_949987685.1	fAmmMar1.1	Ammodytes marinus	617	777835610	1260673.60	31846471	30198617.37	12	39742375	1000	1634	777632210	475907.11	2041615	2499417.32	115	11859408	1000	1017	203400	200.00	200	200.00	509	200	200	228533616:160117672:160417430:228563492	41.22	299724053	1634	777632210	475907.11	1017	617	
GCF_027887145.1	bAmmCau1.pri		282	1241209685	4401452.78	78443464	72425308.06	6	157152855	14639	645	1238290578	1919830.35	8252193	11712607.86	39	43812934	14639	363	2919107	8041.62	201234	200148.50	5	391762	13	350210613:269308384:269325049:349446532	43.50	346451704	645	1238290578	1919830.35	363	282	
GCA_900324465.3	fAnaTes1.3		51	555658509	10895264.88	25063394	24755444.70	10	34285027	12604	317	552052013	1741489.00	7055436	7482444.27	25	16967553	12604	266	3606496	13558.26	110000	162049.82	9	482892	25	164504918:111536942:111512105:164498048	40.40	114941221	317	552052013	1741489.00	266	51	
GCA_963932015.1	bAnaAcu1.1	Anas acuta	395	1189313589	3010920.48	76435830	90306606.11	5	205008147	1000	1026	1189187708	1159052.35	3416933	4225610.27	102	15556000	1000	631	125881	199.49	200	199.95	315	219	25	341457520:252957106:253190478:341582604	42.56	299392933	1026	1189187708	1159052.35	631	395	
GCA_963932075.1	bAnaAcu1.1 alternate haplotype	Anas acuta	1960	1057303051	539440.33	1313441	1758780.15	228	8009266	5462	1961	1057302851	539165.15	1313441	1758736.36	228	8009266	5462	1	200	200.00	200	200.00	1	200	200	305569580:223127226:223077413:305528632	42.20	230633854	1961	1057302851	539165.15	1	1960	
GCF_037176765.1	rAnoSag1.mat		29	1950830970	67270033.45	249210491	223561313.73	4	345351809	15578	220	1950792770	8867239.86	43146625	47117479.37	14	130602597	15578	191	38200	200.00	200	200.00	96	200	200	572400520:402820332:403114891:572457027	41.31	899368949	220	1950792770	8867239.86	191	29	
GCA_037176765.1	rAnoSag1.mat		29	1950830970	67270033.45	249210491	223561313.73	4	345351809	15578	220	1950792770	8867239.86	43146625	47117479.37	14	130602597	15578	191	38200	200.00	200	200.00	96	200	200	572400520:402820332:403114891:572457027	41.31	878661096	220	1950792770	8867239.86	191	29	
GCA_964211785.1	bAnsAns1.hap2.1	Anser anser	381	1168290161	3066378.38	67215310	94527631.66	5	216679048	1000	1135	1168139361	1029197.67	2662746	3291996.36	131	12564049	1000	754	150800	200.00	200	200.00	377	200	200	330492341:253511871:253588984:330546165	43.41	300472767	1135	1168139361	1029197.67	754	381	
GCA_964034855.1	bAnsBra1.1	Anser brachyrhynchus	715	1287337719	1800472.33	79251119	89945025.65	5	213089697	1000	1852	1287110319	694983.97	2049950	2699765.12	178	12412735	1000	1137	227400	200.00	200	200.00	569	200	200	362366422:280855152:281403771:362484974	43.68	370784449	1852	1287110319	694983.97	1137	715	
GCA_013358685.1	fAntMac1.pri		155	549949511	3548061.36	22928215	22776293.17	11	31734190	11833	374	549216127	1468492.32	10114706	11298168.40	17	28941471	1999	219	733384	3348.79	100295	94579.34	3	182128	57	159721946:114941174:114975324:159577683	41.86	158512648	374	549216127	1468492.32	219	155	
GCF_036417845.1	bAptMan1.hap1		408	1504396159	3687245.49	88095958	93078722.82	6	222926480	7863	578	1504362159	2602702.70	19797665	23049029.70	24	73202259	7863	170	34000	200.00	200	200.00	85	200	200	420909948:330307800:331756537:421387874	44.01	405349341	578	1504362159	2602702.70	170	408	
GCA_020740585.1	bApuApu2.alt.cur		1697	1019504970	600768.99	2357147	3146116.37	119	15686560	1021	1702	1019504865	599004.03	2357147	3146102.68	119	15686560	1021	5	105	21.00	23	21.76	3	23	13	295704515:214265953:214021314:295513083	42.01	205555885	1702	1019504865	599004.03	5	1697	
GCA_028858755.1	bAraAra1.hap1		246	1224360198	4977073.98	110438430	105179439.71	5	169343748	10552	353	1223372069	3465643.25	38811057	43728431.51	10	107111114	10552	107	988129	9234.85	191219	212580.63	2	358753	13	349921095:260804721:261427317:351218936	42.69	296208800	353	1223372069	3465643.25	107	246	
GCA_038363095.2	mArtLit.hap1		487	2311617438	4746647.72	160301290	154316646.12	6	245578882	10282	532	2311610138	4345131.84	65515378	83669351.92	11	193238238	10282	45	7300	162.22	200	176.71	19	200	100	665094684:491404698:489869307:665241449	42.45	789283627	532	2311610138	4345131.84	45	487	
GCA_040206675.1	aAscTru1.hap2		2779	3660446095	1317181.03	396163443	294410253.00	4	525013076	9276	8802	3659241392	415728.40	971055	1341039.15	1018	6693742	9276	6023	1204703	200.02	200	200.02	3012	233	200	1008541609:820326938:822376207:1007996638	44.89	1952097576	8802	3659241392	415728.40	6023	2779	
GCA_902459465.3	eAstRub1.3		151	417618158	2765683.17	20558067	19348074.79	9	33825921	13683	622	417470018	671173.66	1383654	1647530.10	94	6166127	6701	471	148140	314.52	500	440.37	149	500	100	127926410:80941737:80874314:127727557	38.76	153549389	622	417470018	671173.66	471	151	
GCA_964211795.1	bAytFer1.hap2.1	Aythya ferina	362	1103588439	3048586.85	77419955	93774092.20	4	207387564	1000	767	1103507439	1438731.99	4452486	4942040.67	81	16813492	1000	405	81000	200.00	200	200.00	203	200	200	320376823:234235011:231270601:317625004	42.18	265888076	767	1103507439	1438731.99	405	362	
GCA_964211825.1	bAytFer1.hap1.1	Aythya ferina	862	1252319576	1452806.93	79844515	89108712.30	5	207520437	1000	1336	1252224776	937293.99	4150808	4758781.20	94	17540155	1000	474	94800	200.00	200	200.00	237	200	200	363083932:265324437:262928922:360887485	42.19	339285562	1336	1252224776	937293.99	474	862	
GCF_009819795.1	bAytFul2.pri		105	1127004725	10733378.33	85905639	96861317.18	4	207018403	2927	268	1117587328	4170101.97	17816505	22982090.95	19	75293206	329	163	9417397	57775.44	251546	277129.81	12	688423	13	326012486:232807801:232729960:326037081	41.66	244389499	268	1117587328	4170101.97	163	105	
GCA_009819845.1	bAytFul2.alt		780	1013629683	1299525.23	4453028	5400193.86	68	18467987	4256	781	1013629583	1297861.18	4453028	5400194.37	68	18467987	674	1	100	100.00	100	100.00	1	100	100	295513559:211328428:211425008:295362588	41.71	212654287	781	1013629583	1297861.18	1	780	
GCF_949987535.1	mBalAcu1.1	Balaenoptera acutorostrata	1374	2772885358	2018111.61	116513105	114137466.98	10	198663870	1000	2551	2772649958	1086887.48	3015723	3601530.79	275	13478115	1000	1177	235400	200.00	200	200.00	589	200	200	810522398:575665271:576431174:810031115	41.55	1168637510	2551	2772649958	1086887.48	1177	1374	
GCA_950005055.1	mBalAcu1.1 alternate haplotype	Balaenoptera acutorostrata	21271	2590401380	121780.89	228078	306971.95	3229	2934100	4088	21272	2590401353	121775.17	228078	306970.30	3229	2934100	4088	1	27	27.00	27	27.00	1	27	27	757650162:538118762:536937930:757694499	41.50	988243940	21272	2590401353	121775.17	1	21271	
GCA_011004865.1	bBalReg1.alt		971	1042364165	1073495.54	2534691	2991979.11	127	9420888	1075	975	1042363626	1069090.90	2534691	2991962.11	127	9420888	1075	4	539	134.75	500	464.76	1	500	13	300133786:220985124:221078957:300165759	42.41	199560298	975	1042363626	1069090.90	4	971	
GCA_011004875.1	bBalReg1.pri		105	1221051782	11629064.59	82577926	101241761.03	5	219267915	1068	249	1216255745	4884561.22	23326060	32913565.12	14	79692185	563	144	4796037	33305.81	195457	213663.11	9	402205	13	350439230:257819735:257633742:350363038	42.38	241549382	249	1216255745	4884561.22	144	105	
GCA_947034905.1	fBarBar1.1 alternate haplotype		2237	571749702	255587.71	606763	796925.45	267	4170543	4175	2237	571749702	255587.71	606763	796925.45	267	4170543	4175	0	0	0.00	0	0.00	0	0	0	172892370:113057622:113224543:172575167	39.58	182702110	2237	571749702	255587.71	0	2237	
GCA_936440315.1	fBarBab1.1	Barbus barbus	92	1584929904	17227498.96	31505967	32634560.90	22	47791430	12731	200	1584908304	7924541.52	22843665	20676259.29	29	40726689	12731	108	21600	200.00	200	200.00	54	200	200	492251731:300171720:300343361:492141492	37.89	655883181	200	1584908304	7924541.52	108	92	
GCA_900634795.4	fBetSpl5.4		35	426984265	12199550.43	19821211	21455953.84	9	34127283	25057	346	426952799	1233967.63	2574972	3680134.64	46	12467171	14974	321	31466	98.02	123	145.55	87	423	23	116664944:96709116:96745237:116833502	45.31	95920757	346	426952799	1233967.63	321	35	
GCA_003369695.2	UOA_Brahman_1		1251	2680969395	2143061.07	104466507	96623257.31	11	156943404	1040	1553	2679332898	1725262.65	26764281	31013525.17	32	79234837	1040	302	1636497	5418.86	307936	267027.89	3	396419	13	779589770:560432193:560306545:779004390	41.83	1090759921	1553	2679332898	1725262.65	302	1251	
GCA_009769595.1	bBucAby1.alt		3527	1024138499	290370.99	954952	1267038.33	304	6038148	524	3527	1024138499	290370.99	954952	1267038.33	304	6038148	524	0	0	0.00	0	0.00	0	0	0	289185887:222650323:222903884:289398405	43.51	185348841	3527	1024138499	290370.99	0	3527	
GCA_905171765.1	aBufBuf1.1	Bufo bufo	1307	5044762059	3859802.65	635713434	602238362.60	4	843366180	472	5506	5034883801	914435.85	3941737	5304968.51	351	23035304	25	4199	9878258	2352.53	80496	125164.09	27	351611	5	1397343779:1120265202:1119879273:1397395547	44.49	3136518375	5506	5034883801	914435.85	4199	1307	
GCA_011078405.1	mCalJac1.mat		216	2811151840	13014591.85	146897247	141975783.30	8	218136636	1235	1284	2799288275	2180131.06	8609028	11614883.72	89	42424691	452	1068	11863565	11108.21	130868	181358.52	25	638467	13	825533210:573172129:573572557:827010379	40.97	1038340318	1284	2799288275	2180131.06	1068	216	
GCA_036321565.1	mCamDro1.hap2		173	2086495379	12060666.93	70331411	68545059.39	12	122238078	23130	383	2086453379	5447658.95	28900355	35048248.53	21	109920770	22361	210	42000	200.00	200	200.00	105	200	200	607424100:435202024:435833571:607993684	41.75	637087650	383	2086453379	5447658.95	210	173	
GCA_905319845.1	mCanLor1.1 alternate haplotype		5536	1446594657	261306.84	719346	931115.18	583	6868401	4831	5537	1446594157	261259.56	719346	931101.07	583	6868401	4831	1	500	500.00	500	500.00	1	500	500	424282773:299217074:298928227:424166083	41.35	472876194	5537	1446594157	261259.56	1	5536	
GCA_905319855.2	mCanLor1.2		82	2447463909	29847120.84	65778685	69157978.76	15	124665963	16690	248	2447418109	9868621.41	34375412	35140027.02	25	81873012	16690	166	45800	275.90	500	418.78	46	500	100	716373599:508081016:507378076:715585418	41.49	833869944	248	2447418109	9868621.41	166	82	
GCA_907165065.1	bCapEur3.1	Caprimulgus europaeus	121	1177791212	9733811.67	82614289	70088358.14	6	126318510	10341	274	1177765377	4298413.78	30622946	40435767.39	11	100763099	3179	153	25835	168.86	200	248.69	43	500	35	342098549:247080293:246819795:341766740	41.94	252643583	274	1177765377	4298413.78	153	121	
GCF_017639515.1	sCarCar2.pri		719	4286311191	5961489.83	169918123	153032500.63	11	274107945	989	3364	4267160923	1268478.28	6544962	11521606.77	145	49152995	20	2645	19150268	7240.18	103029	169990.42	44	535743	2	1168011911:966087257:963161266:1169900489	45.21	2210327891	3364	4267160923	1268478.28	2645	719	
GCF_009819885.2	bCatUst1.pri.v2		160	1131616530	7072603.31	68462074	76844196.19	6	165774257	848	589	1118712835	1899342.67	4908935	5921195.34	70	22235935	248	429	12903695	30078.54	930933	1123456.48	5	2188653	13	321632651:237640035:237609810:321830339	42.48	242713263	589	1118712835	1899342.67	429	160	
GCA_009819505.2	bCatUst1.alt.v2		3601	1128658440	313429.17	1498444	1986643.90	210	9907490	1003	3614	1128658097	312301.63	1498444	1985458.54	210	9907490	319	13	343	26.38	100	63.73	2	100	13	322334365:241796403:241983361:322543968	42.86	245142109	3614	1128658097	312301.63	13	3601	
GCA_910594005.1	mCerEla1.1	Cervus elaphus	145	2886619877	19907723.29	83473711	89239891.34	13	179953079	16353	185	2886609477	15603294.47	68741660	65507991.01	17	114897605	16353	40	10400	260.00	200	315.38	14	500	200	819723673:619711663:620941528:826232613	42.98	1271094356	185	2886609477	15603294.47	40	145	
GCA_039877785.1	fChaTrf1.hap1		37	662505520	17905554.59	29139200	28122090.14	11	35129900	16497	86	662495920	7703440.93	21327470	18942293.02	13	34891952	16497	49	9600	195.92	200	197.92	24	200	100	189490805:141782613:141705937:189516565	42.79	149750967	86	662495920	7703440.93	49	37	
GCA_902362175.1	fChaCha1.1 alternate haplotype		1937	637484823	329109.36	508005	671598.68	366	3030745	721	1940	637484123	328600.06	508005	671560.38	366	3030745	721	3	700	233.33	500	385.71	1	500	100	186536083:132324714:132274183:186349143	41.51	161586176	1940	637484123	328600.06	3	1937	
GCA_902362185.1	fChaCha1.1		30	656912816	21897093.87	50300218	46715533.73	6	63121898	21534	141	652682485	4628953.79	23134051	20823926.71	11	43225175	1594	111	4230331	38111.09	2319715	1919627.50	1	2319715	13	190713627:135533910:135529798:190905150	41.53	167326287	141	652682485	4628953.79	111	30	
GCA_963514085.1	fCheLab1.1	Chelon labrosus	363	717420143	1976364.03	30303911	28670714.39	12	39510717	1000	973	717298143	737202.61	2544200	3151085.65	85	9746000	1000	610	122000	200.00	200	200.00	305	200	200	206783744:151672755:151769511:207072133	42.30	192577186	973	717298143	737202.61	610	363	
GCF_009829145.1	bChiLan1.pri		93	1089631598	11716468.80	75608808	76059298.62	5	156344557	202	299	1086328087	3633204.30	18496167	26246949.68	17	92219963	202	206	3303511	16036.46	2016302	1265138.50	1	2016302	13	315110526:227885247:228011684:315320630	41.97	209303788	299	1086328087	3633204.30	206	93	
GCA_009829145.1	bChiLan1.pri		93	1089631598	11716468.80	75608808	76059298.62	5	156344557	202	299	1086328087	3633204.30	18496167	26246949.68	17	92219963	202	206	3303511	16036.46	2016302	1265138.50	1	2016302	13	315110526:227885247:228011684:315320630	41.97	209303788	299	1086328087	3633204.30	206	93	
GCF_015220235.1	mChoDid1.pri		146	3214702645	22018511.27	146178362	146565940.21	9	250664781	2025	1386	3133710241	2260974.20	20994632	23191138.96	45	67722938	60	1240	80992404	65316.45	632029	852492.09	36	2960333	9	942312155:624942660:624959896:941495530	39.89	1283258491	1386	3133710241	2260974.20	1240	146	
GCF_963662255.1	bCinCin1.1	Cinclus cinclus	277	1170837027	4226848.47	74357285	69965182.20	6	152364536	1000	935	1170705427	1252091.37	3563180	4045058.42	103	10379991	1000	658	131600	200.00	200	200.00	329	200	200	335262437:251165160:250180642:334097188	42.82	301339039	935	1170705427	1252091.37	658	277	
GCF_036013475.1	bColLiv1.pat.W.v2		869	1325566026	1525392.43	68980706	87007201.13	6	212386202	12895	1118	1325519126	1185616.39	14042120	16440551.15	28	54502558	12895	249	46900	188.35	200	193.82	118	200	100	389058580:276513971:280195309:379751266	42.00	386731470	1118	1325519126	1185616.39	249	869	
GCA_963082875.1	kaCorEumy4.1	Corella eumyota	105	129324498	1231661.89	20551778	18706744.13	3	23716603	9858	349	129275698	370417.47	5034709	6016034.89	8	13849958	9858	244	48800	200.00	200	200.00	122	200	200	44245893:20411929:20372669:44245207	31.55	64319239	349	129275698	370417.47	244	105	
GCF_020740725.1	bCorHaw1.pri.cur		188	1151611379	6125592.44	76278832	65173638.90	6	123451405	2297	482	1149798152	2385473.34	23064755	27945672.60	15	80326523	2297	294	1813227	6167.44	1373673	1052157.98	1	1373673	13	326134461:249393458:248470723:325799510	43.30	262096878	482	1149798152	2385473.34	294	188	
GCF_009650955.1	bCorMon1.pri		105	1112734094	10597467.56	74699841	78952920.46	5	165740467	2217	394	1083863899	2750923.60	11524098	13572841.81	30	46782926	2217	289	28870195	99896.87	891790	1044904.04	10	2429583	98	311401229:230833083:230581577:311048010	42.57	208272855	394	1083863899	2750923.60	289	105	
GCA_900634435.1	fCotGob3.1 alternate haplotype		11555	671265480	58093.07	107591	195939.90	1402	1631591	230	11565	671264555	58042.76	107516	195853.71	1403	1631591	3	10	925	92.50	100	97.97	5	100	25	198046237:137465070:137455455:198297793	40.96	174045589	11565	671264555	58042.76	10	11555	
GCA_017976375.1	bCucCan1.pri		151	1180156273	7815604.46	78325852	95634178.15	5	209323829	587	447	1175233958	2629158.74	20797936	26549072.29	17	86316243	127	296	4922315	16629.44	271792	380610.29	6	946057	13	339840430:247875237:247790039:339728252	42.18	247611882	447	1175233958	2629158.74	296	151	
GCA_009769545.1	fCycLum1.pri		49	572902877	11691895.45	23863342	23848609.21	11	31498552	1528	396	562720673	1421011.80	4950682	5550169.96	35	15356175	1528	347	10182204	29343.53	149379	218801.59	19	787556	13	161048890:120472270:120519475:160680038	42.83	154309297	396	562720673	1421011.80	347	49	
GCA_030412105.1	rCycPin1.hap1		30	1983631412	66121047.07	291724653	260116832.00	3	392530567	16631	58	1982549248	34181883.59	112814430	111112895.99	7	196623253	16631	28	1082164	38648.71	828982	651385.18	1	828982	13	578912822:412786019:412377131:578473276	41.62	635161553	58	1982549248	34181883.59	28	30	
GCA_009769485.2	bCygOlo1.alt.v2		5626	814594871	144791.13	327091	430567.75	694	2635369	581	5640	814593953	144431.55	327091	430545.96	694	2635369	581	14	918	65.57	100	90.25	5	100	13	235751493:172132146:171674740:235035574	42.21	162690036	5640	814593953	144431.55	14	5626	
GCA_009769625.2	bCygOlo1.pri.v2		171	1134186636	6632670.39	81481363	97431586.51	4	209522193	711	622	1124263911	1807498.25	8308965	10073647.23	39	30497565	298	451	9922725	22001.61	49391	90602.96	49	398251	13	326653792:235753889:235524306:326331924	41.92	234081739	622	1124263911	1807498.25	451	171	
GCA_027409165.1	mCynVol1.alt		1750	2453279509	1401874.01	4372305	5306980.01	168	18614939	12545	1750	2453279509	1401874.01	4372305	5306980.01	168	18614939	12545	0	0	0.00	0	0.00	0	0	0	733209500:492505562:493259664:734304783	40.18	827329784	1750	2453279509	1401874.01	0	1750	
GCA_038021265.1	fCypVen1.hap1		673	918162819	1364283.53	35356608	36382028.59	11	57505201	12203	1382	918031619	664277.58	1527672	2783153.33	148	12978760	150	709	131200	185.05	200	191.92	328	200	100	281803738:177588679:177130172:281509030	38.64	423278396	1382	918031619	664277.58	709	673	
GCA_949987515.1	mDelDel1.1	Delphinus delphis	631	2663533373	4221130.54	107080983	107039948.65	10	184867555	1000	1599	2663339942	1665628.48	3627551	4192119.46	235	22869391	1000	968	193431	199.83	200	199.97	484	200	31	774876139:560950754:559284727:768228322	42.06	1122980345	1599	2663339942	1665628.48	968	631	
GCF_900700375.1	fDenClu1.1		460	567401054	1233480.55	22793177	25378680.19	9	42171479	8882	924	562752667	609039.68	3059612	3653845.57	53	11643062	193	464	4648387	10018.08	189773	236768.78	8	518837	13	158550207:122935641:122911888:158354931	43.69	159692746	924	562752667	609039.68	464	460	
GCF_020826845.1	mDicBic1.mat.cur		1076	3005535620	2793248.72	65026825	64736485.51	17	139927959	4838	1291	3004166759	2327007.56	28468213	34296796.56	31	94307620	2118	215	1368861	6366.80	268362	277164.76	2	519385	13	877539233:625266034:624199294:877162198	41.59	1188217428	1291	3004166759	2327007.56	215	1076	
GCA_027410445.1	aDisPic1.pri		1318	3872602052	2938241.31	453717995	356795198.55	4	567555107	202	4999	3810206057	762193.65	3043591	4820392.19	313	29500793	18	3681	62395995	16950.83	246075	274335.53	84	981195	13	1152169065:753037684:752871126:1152128182	39.52	2102916101	4999	3810206057	762193.65	3681	1318	
GCA_016128335.2	ZJU2.0		767	1247435561	1626382.74	82725153	97408442.76	5	216258376	2848	1306	1247363118	955101.93	15904022	18077808.13	25	55410950	6	539	72443	134.40	253	513.68	43	1035	10	359382674:264620434:264420686:358939324	42.41	224526848	1306	1247363118	955101.93	539	767	
GCF_014839835.1	bDryPub1.pri		180	1187939694	6599664.97	38715865	47582723.82	11	140157326	379	367	1183936564	3225985.19	19150283	20918464.02	20	53794067	379	187	4003130	21407.11	368022	434786.77	4	800785	13	323857920:268310724:268187772:323580148	45.31	371059018	367	1183936564	3225985.19	187	180	
GCA_014839825.1	bDryPub1.alt		1342	1082594729	806702.48	2189221	4000212.99	110	19152445	4015	1346	1082594503	804304.98	2189221	4000183.85	110	19152445	2623	4	226	56.50	100	89.99	2	100	13	295087324:245893746:246063796:295549637	45.44	330971914	1346	1082594503	804304.98	4	1342	
GCA_030020955.1	mDugDug1.hap2		167	3154453075	18888940.57	138031769	149253736.97	9	230272189	7912	256	3154435444	12322013.45	57883746	74306147.18	17	209448431	7912	89	17631	198.10	200	199.70	45	200	31	936806313:641229420:640823315:935576396	40.64	1476994346	256	3154435444	12322013.45	89	167	
GCA_900963305.1	fEcheNa1.1		37	544212633	14708449.54	23287306	22818023.81	11	28058824	19220	177	543613277	3071261.45	12371513	11550312.45	17	24563878	72	140	599356	4281.11	129073	153779.88	2	248230	13	159269427:112561665:112645129:159137056	41.43	115185947	177	543613277	3071261.45	140	37	
GCA_900963505.1	fEcheNa1.1 alternate haplotype		1405	528272450	375994.63	915456	1420543.13	149	10240534	313	1424	528047799	370820.08	889301	1240392.82	158	5915595	313	19	224651	11823.74	115136	111617.04	1	115136	13	154762245:109352993:109351285:154581276	41.42	110969978	1424	528047799	370820.08	19	1405	
GCF_013358815.1	fEleEle1.pri		89	589358956	6622010.74	25664172	24819263.49	10	36391443	1911	316	578759188	1831516.42	6962353	8394776.80	26	30781372	33	227	10599768	46695.01	483659	517582.63	9	1082571	1	166306182:122921753:122980788:166550465	42.49	140124053	316	578759188	1831516.42	227	89	
GCA_024166345.1	mEleMax1 alternate haplotype		6361	2952809375	464205.22	1512750	1878241.63	573	7911935	10153	6361	2952809375	464205.22	1512750	1878241.63	573	7911935	10153	0	0	0.00	0	0.00	0	0	0	869625945:608438573:606445647:868299210	41.14	1379000432	6361	2952809375	464205.22	0	6361	
GCA_024166365.1	mEleMax1 primary haplotype		64	3401247148	53144486.69	127432672	141759744.31	10	243826021	1881	190	3397913467	17883755.09	87987108	93553859.59	13	208165719	1881	126	3333681	26457.79	810570	706466.31	2	956684	13	1000898867:698528178:699222697:999263725	41.14	1636266381	190	3397913467	17883755.09	126	64	
GCA_023053675.2	rElgMul1.1.alt		627	1810359265	2887335.35	115422351	112896624.64	6	204631155	11544	655	1810356531	2763903.10	76551155	76587915.08	9	176530690	11544	28	2734	97.64	100	99.18	14	100	34	510815796:394433806:394478848:510628081	43.58	727341325	655	1810356531	2763903.10	28	627	
GCF_028017835.1	rEmyOrb1.hap1		106	2309740635	21790005.99	146456333	179851566.21	5	373885020	16962	254	2306416405	9080379.55	91255289	85606823.06	9	176114710	16962	148	3324230	22461.01	239976	240374.57	5	462822	13	637233251:516209752:515650131:637323271	44.74	804419438	254	2306416405	9080379.55	148	106	
GCA_028017845.1	rEmyOrb1.hap2		156	2327425914	14919396.88	135176522	180288257.96	5	373365194	16338	286	2322138075	8119363.90	54020573	68610992.34	14	224695894	16338	130	5287839	40675.68	2976367	1749883.07	1	2976367	13	641179177:520051073:520140720:640767105	44.79	811199280	286	2322138075	8119363.90	130	156	
GCA_040894015.1	aEngPut4.paternal		819	2081032022	2540942.64	190347786	197290197.48	5	304016097	8906	1326	2080930797	1569329.41	14365456	20737639.54	37	76233625	8906	507	101225	199.65	200	199.96	254	200	25	592487379:447733286:448663765:592046367	43.08	1061210714	1326	2080930797	1569329.41	507	819	
GCA_951640355.1	mEptNil1.1	Eptesicus nilssonii	207	2064119045	9971589.59	98018206	91875483.98	10	133114493	2000	1630	2063834445	1266156.10	2474537	3027059.43	256	11576827	2000	1423	284600	200.00	200	200.00	712	200	200	585120304:446797596:447340426:584576119	43.32	771611635	1630	2063834445	1266156.10	1423	207	
GCA_036418255.1	mEquCab1.mat		821	2331848197	2840253.59	88315369	85733916.56	11	192463451	14755	1031	2331806197	2261693.69	37695881	38966486.75	21	108630653	14755	210	42000	200.00	200	200.00	105	200	200	675442190:491052163:489963098:675348746	42.07	756867104	1031	2331806197	2261693.69	210	821	
GCF_950295315.1	mEriEur2.1	Erinaceus europaeus	1174	2720683831	2317447.90	126757761	124239832.67	9	210889723	1000	4934	2719931831	551263.04	999919	1227906.05	818	5852943	1000	3760	752000	200.00	200	200.00	1880	200	200	788675412:571173270:571245739:788837410	42.00	1463928689	4934	2719931831	551263.04	3760	1174	
GCA_950295305.1	mEriEur2.1 alternate haplotype	Erinaceus europaeus	26600	1850742846	69576.80	116706	211091.05	3872	4082864	4426	26601	1850742646	69574.18	116706	211058.91	3873	4082864	4426	1	200	200.00	200	200.00	1	200	200	536042038:389499043:389212926:535988639	42.08	954812036	26601	1850742646	69574.18	1	26600	
GCA_903797565.2	bEriRub2.2 alternate haplotype		3668	912720829	248833.38	603216	885887.43	405	6375855	222	3686	912716229	247616.99	602370	884978.65	405	6375855	222	18	4600	255.56	500	404.35	5	500	100	266111857:190376323:190204219:266023830	41.70	162105617	3686	912716229	247616.99	18	3668	
GCF_900747795.2	fErpCal1.3		169	3613551144	21381959.43	217689105	235383329.18	6	356776219	1796	1600	3583843487	2239902.18	6772339	8648849.10	155	31810781	263	1431	29707657	20760.07	204732	277465.47	37	960416	13	1086501588:705557338:705348345:1086436216	39.37	1701508834	1600	3583843487	2239902.18	1431	169	
GCA_900700845.3	fErpCal1.3 alternate haplotype		17082	3014944822	176498.35	262488	337389.74	3437	3969716	218	17099	3014630363	176304.48	262352	332553.96	3447	1785651	218	17	314459	18497.59	81846	64896.16	2	97570	13	913594527:593656331:593737591:913641914	39.39	1417898982	17099	3014630363	176304.48	17	17082	
GCA_031001685.1	rEryReg1.hap3		3543	2090234102	589961.64	1499913	2142083.10	374	13038270	7726	3543	2090234102	589961.64	1499913	2142083.10	374	13038270	7726	0	0	0.00	0	0.00	0	0	0	610295857:436088637:434098612:609750996	41.63	1137948494	3543	2090234102	589961.64	0	3543	
GCA_031021085.1	rEryReg1.hap2		1128	2038227610	1806939.37	4297867	5273689.20	140	17315906	15784	1128	2038227610	1806939.37	4297867	5273689.20	140	17315906	15784	0	0	0.00	0	0.00	0	0	0	598490545:420733853:420226111:598777101	41.26	1059103315	1128	2038227610	1806939.37	0	1128	
GCF_028564815.1	mEubGla1.1.hap2.+ XY		789	2843691573	3604171.83	129620717	134430818.76	9	240837649	12339	1156	2838733489	2455651.81	37467374	40379444.87	25	101487703	12339	367	4958084	13509.77	3661394	2727325.09	1	3661394	13	828346393:592566846:590881065:826939185	41.69	1234443559	1156	2838733489	2455651.81	367	789	
GCA_039878825.1	bCotChi1.hap2		191	966847183	5062027.14	86361526	90362958.64	4	183816686	17297	521	966783983	1855631.45	7816141	12084334.60	33	58689280	7608	330	63200	191.52	200	195.57	158	200	100	282136747:201301486:201242068:282103682	41.64	191540547	521	966783983	1855631.45	330	191	
GCF_017639655.2	bFalNau1.pat		291	1215719661	4177730.79	91761059	84762407.27	6	127440759	1025	589	1211642374	2057117.78	13754753	19290570.76	25	56489468	614	298	4077287	13682.17	162567	364675.03	6	1032674	13	350065203:256591208:255940131:349045832	42.30	224937244	589	1211642374	2057117.78	298	291	
GCF_023634155.1	bFalPer1.pri		125	1311598850	10492790.80	93682670	86408538.81	6	130779382	1890	357	1307584465	3662701.58	15744644	19314076.72	24	46898215	1890	232	4014385	17303.38	278995	370761.32	5	913007	13	375282826:279524535:278131112:374645992	42.65	315169041	357	1307584465	3662701.58	232	125	
GCA_023634155.1	bFalPer1.pri		124	1311580791	10577264.44	93682670	86409728.31	6	130779382	1890	356	1307566406	3672939.34	15744644	19314343.22	24	46898215	1890	232	4014385	17303.38	278995	370761.32	5	913007	13	375276910:279518958:278128660:374641878	42.65	315169041	356	1307566406	3672939.34	232	124	
GCA_963513985.1	bFriCoe1.1 alternate haplotype	Fringilla coelebs	2178	1168325350	536421.19	1659618	2102607.59	207	8813585	6141	2178	1168325350	536421.19	1659618	2102607.59	207	8813585	6141	0	0	0.00	0	0.00	0	0	0	328170497:255758178:255829980:328566695	43.79	294326997	2178	1168325350	536421.19	0	2178	
GCA_037038625.1	fFunDia1.hap2		196	1329922595	6785319.36	57021853	54770878.42	11	65356870	11324	569	1323600423	2326187.04	8236268	10359163.71	46	38514676	11324	373	6322172	16949.52	96725	98590.95	23	205117	13	389092922:272702756:272960993:388843752	41.23	545231782	569	1323600423	2326187.04	373	196	
GCF_902167405.1	gadMor3.0		227	669966409	2951393.87	28732775	28503047.63	11	43798135	3512	1443	646392666	447950.57	1015663	1547840.40	169	7478355	1	1216	23573743	19386.30	98160	141322.01	68	609820	1	175769419:147591897:147443623:175587727	45.64	212669140	1443	646392666	447950.57	1216	227	
GCA_902167395.1	gadMor3.0 alternate haplotype		3592	584119146	162616.69	278683	368783.77	621	2763216	252	3595	584119071	162480.97	278226	368679.57	622	2763216	252	3	75	25.00	30	27.91	2	32	13	158832348:133074163:133006206:159206354	45.55	187705580	3595	584119071	162480.97	3	3592	
GCA_016699485.1	bGalGal1.mat.broiler.GRCg7b		214	1053332251	4922113.32	90861225	94310586.70	4	196449156	1437	677	1049948333	1550883.80	18834961	21083929.44	18	65391699	1214	463	3383918	7308.68	321102	359891.03	4	787132	13	303321718:221538399:221562717:303525499	42.20	216353104	677	1049948333	1550883.80	463	214	
GCA_030020295.1	rGavGan2.hap2		160	2328538659	14553366.62	257319116	250550466.02	4	473287416	1000	278	2327430548	8372052.33	84235120	84404127.10	10	170598524	1000	118	1108111	9390.77	82028	142434.14	4	316809	13	638433228:525657514:525064017:638275789	45.15	700860151	278	2327430548	8372052.33	118	160	
GCF_902459505.1	aGeoSer1.1		164	3779430019	23045304.99	272612222	317611545.45	5	550518975	2393	597	3773927306	6321486.27	20656571	27030387.43	53	104402355	405	433	5502713	12708.34	112069	158328.68	13	430889	13	1071037280:815791245:815981834:1071116947	43.24	1971591364	597	3773927306	6321486.27	433	164	
GCA_902459505.2	aGeoSer1.2		164	3779430017	23045304.98	272612222	317611545.62	5	550518975	2393	597	3773927304	6321486.27	20656571	27030387.45	53	104402355	405	433	5502713	12708.34	112069	158328.68	13	430889	13	1071037292:815791260:815981822:1071116930	43.24	1971591364	597	3773927304	6321486.27	433	164	
GCA_902459505.1	aGeoSer1.1		163	3779413726	23186587.28	272612222	317612914.60	5	550518975	2393	596	3773911013	6332065.46	20656571	27030504.06	53	104402355	405	433	5502713	12708.34	112069	158328.68	13	430889	13	1071031826:815788073:815979779:1071111335	43.24	1971591364	596	3773911013	6332065.46	433	163	
GCA_951799965.1	fGobNig1.1 alternate haplotype	Gobius niger	3523	838316121	237955.19	584669	749668.65	416	4326998	11432	3523	838316121	237955.19	584669	749668.65	416	4326998	11432	0	0	0.00	0	0.00	0	0	0	242682247:176592184:176336175:242705515	42.10	320400489	3523	838316121	237955.19	0	3523	
GCF_007399415.2	rGopEvg1_v1.p		383	2298564209	6001473.13	147425149	177563723.12	5	370335144	5793	945	2269003890	2401062.32	12863190	16497608.78	52	62804385	1	562	29560319	52598.43	796286	1115874.14	10	3059779	1	633747107:500732402:500740158:633784223	44.14	752829714	945	2269003890	2401062.32	562	383	
GCA_900634775.2	fGouWil2.2		442	937169869	2120293.82	38978045	38093586.58	11	72451976	11803	1602	922816354	576040.17	1838341	2770225.83	132	14528139	1	1160	14353515	12373.72	746162	932260.12	6	2682546	1	284868003:176634278:176542617:284771456	38.27	392996761	1602	922816354	576040.17	1160	442	
GCA_963280865.1	fGymBra2.1		676	1367984568	2023645.81	55139090	52353229.50	12	66258222	1000	3380	1367443768	404569.16	901999	1119982.16	454	5699719	1000	2704	540800	200.00	200	200.00	1352	200	200	395581804:288154396:288186082:395521486	42.15	667841804	3380	1367443768	404569.16	2704	676	
GCA_028022735.1	bGypBar2.pri		232	1365299843	5884913.12	52189775	57345077.56	10	91544569	19635	491	1363299411	2776577.21	18064636	20522066.67	24	57496451	19635	259	2000432	7723.68	119145	403809.82	3	853331	13	384718854:297398917:295664643:385516997	43.50	354088597	491	1363299411	2776577.21	259	232	
GCF_027477595.1	bHaeMex1.pri		184	1148233018	6240396.84	77212160	76679815.73	6	159305015	15589	480	1137025872	2368803.90	16787335	19595548.03	22	51821050	7432	296	11207146	37861.98	2958724	3441886.37	2	5348635	1	324275489:243893264:243983910:324873209	42.91	257781337	480	1137025872	2368803.90	296	184	
GCA_020745705.1	bHemCom1.pri.cur		146	1164813063	7978171.66	91346199	102790259.63	4	218408531	420	364	1154638596	3172084.05	20531774	23188864.14	18	52779268	420	218	10174467	46671.87	238550	457164.80	10	1346558	13	334270302:243108463:243182067:334077764	42.12	242694179	364	1154638596	3172084.05	218	146	
GCF_020745735.1	sHemOce1.pat.X.cur.		1962	3983466396	2030309.07	83580160	82692569.28	17	167561909	1132	5678	3905901714	687900.97	8845575	14451825.11	94	55529653	438	3716	77564682	20873.17	164083	235562.40	127	1248970	1	1117265852:835010032:835339033:1118286797	42.76	1721301190	5678	3905901714	687900.97	3716	1962	
GCA_028571685.1	mHetBru1.pri		62	3488059404	56259022.65	139648372	147102587.04	10	223965608	17888	338	3487990716	10319499.16	78495281	87098231.78	14	193784397	4886	276	68688	248.87	200	404.71	101	2374	20	1031544906:711995122:711030752:1033419936	40.80	1584186748	338	3487990716	10319499.16	276	62	
GCA_009819705.1	fHipHip1.pri		57	596792676	10470046.95	26312018	25745762.67	11	32675587	1459	347	593379286	1710026.76	7020318	9134423.79	23	21516758	166	290	3413390	11770.31	109387	121468.53	11	271614	13	171472042:125241079:125246350:171419815	42.21	139276072	347	593379286	1710026.76	290	57	
GCF_015227805.2	bHirRus1.pri.v3		617	1105955550	1792472.53	76187387	75993000.51	5	156035725	668	1719	1080421139	628517.24	2794774	4137552.64	100	18822688	324	1102	25534411	23170.97	67235	160105.46	81	859144	10	310319014:229795621:229863750:310442754	42.54	223105571	1719	1080421139	628517.24	1102	617	
GCA_949357725.1	fHypImm3.1	Hyperoplus immaculatus	1568	797804280	508803.75	31412174	28598674.29	12	38608367	1000	2756	797566680	289392.84	1486508	1761179.32	160	7214000	1000	1188	237600	200.00	200	200.00	594	200	200	234924337:163816323:164015084:234810936	41.10	314165629	2756	797566680	289392.84	1188	1568	
GCA_949358355.1	fHypImm3.1 alternate haplotype	Hyperoplus immaculatus	4952	763769615	154234.57	427399	558437.82	509	3211032	3173	4952	763769615	154234.57	427399	558437.82	509	3211032	3173	0	0	0.00	0	0.00	0	0	0	225102716:156816116:156745491:225105292	41.05	289695748	4952	763769615	154234.57	0	4952	
GCA_020740715.1	mJacJac1.pat.decon		508	2595216862	5108694.61	117185741	116149076.57	8	211415189	2001	3383	2407126908	711536.18	6464472	13362802.52	74	62555812	1	2875	188089954	65422.59	400249	966818.66	101	6740152	1	696603048:507132928:507015652:696375280	42.13	1045782167	3383	2407126908	711536.18	2875	508	
GCF_026419965.1	mKogBre1 haplotype 1		581	2555855246	4399062.39	122394096	131829269.35	8	202422507	9545	724	2551057477	3523560.05	42780423	53737578.24	20	201991588	9545	143	4797769	33550.83	4376142	3997661.02	1	4376142	13	736996852:534841138:537833021:741386466	42.05	1007980803	724	2551057477	3523560.05	143	581	
GCA_026419985.1	mKogBre1 haplotype 2		391	2613416393	6683929.39	120411150	128900721.31	8	203233528	9514	529	2613096811	4939691.51	40421539	48760001.29	20	135683593	9514	138	319582	2315.81	205605	136127.51	1	205605	13	756381838:550758625:551516788:754439560	42.18	1073398884	529	2613096811	4939691.51	138	391	
GCA_949774935.1	mLagAlb1.1 alternate haplotype	Lagenorhynchus albirostris	25620	2036276931	79479.97	119855	188582.16	4559	4080155	4647	25620	2036276931	79479.97	119855	188582.16	4559	4080155	4647	0	0	0.00	0	0.00	0	0	0	589493464:428544643:428294128:589944696	42.08	788983643	25620	2036276931	79479.97	0	25620	
GCA_023343835.1	bLagMut1 primary		164	1026755127	6260701.99	71229700	83244651.91	5	194907523	2258	374	1026683190	2745142.22	17905263	20319023.51	19	46643962	171	210	71937	342.56	500	430.38	72	500	23	299963160:213075461:213671748:299972821	41.57	216333297	374	1026683190	2745142.22	210	164	
GCA_963932325.1	bLarFus1.1 alternate haplotype	Larus fuscus	7404	1347999738	182063.71	727947	930555.56	514	3973528	1881	7404	1347999738	182063.71	727947	930555.56	514	3973528	1881	0	0	0.00	0	0.00	0	0	0	373546706:300176280:300362276:373914476	44.55	375959055	7404	1347999738	182063.71	0	7404	
GCF_037176945.1	fLatCha1.pri		197	2947609019	14962482.33	188107785	219140791.49	5	432068277	7791	351	2947578387	8397659.22	42076942	48582886.26	23	161985814	7791	154	30632	198.91	200	199.82	77	200	32	849239716:624970924:624289090:849078657	42.38	1590301112	351	2947578387	8397659.22	154	197	
GCA_020740595.1	mLemCat1.alt		312	2266570666	7264649.57	35377149	46062951.86	18	106482615	18378	313	2266570166	7241438.23	35377149	46062766.55	18	106482615	18378	1	500	500.00	500	500.00	1	500	500	665485293:467062398:468908076:665114399	41.29	739619057	313	2266570166	7241438.23	1	312	
GCA_040954835.1	fLepOcu1.hap2		817	1200606178	1469530.21	47769348	45020380.75	10	78916909	15282	912	1200587178	1316433.31	20019514	20884767.73	20	52296021	15282	95	19000	200.00	200	200.00	48	200	200	356051735:243723699:244414531:356397213	40.66	328782699	912	1200587178	1316433.31	95	817	
GCA_031893025.1	aLepFus1.hap1		2266	2307711212	1018407.42	228259793	214510614.12	5	373864851	11583	3239	2296339607	708965.61	5565655	7355740.53	114	30858090	11583	973	11371605	11687.16	165005	253586.54	16	852788	13	655418531:493776613:492575925:654568538	42.95	1276956655	3239	2296339607	708965.61	973	2266	
GCA_034619455.1	bLepDis1.hap1		335	1327905210	3963896.15	82108581	86464698.68	6	219104632	11887	625	1327847210	2124555.54	8029456	10131129.66	48	36666543	11887	290	58000	200.00	200	200.00	145	200	200	374918321:289018220:289018174:374892495	43.53	266602811	625	1327847210	2124555.54	290	335	
GCA_030867085.1	rLiaOli1.hap2		65	1478263624	22742517.29	203536677	184120889.23	3	332684993	13805	158	1473198312	9324039.95	74672673	75775572.39	7	203536677	13805	93	5065312	54465.72	177463	401222.63	6	1168382	13	440824865:295768335:295730243:440874869	40.15	433056884	158	1473198312	9324039.95	93	65	
GCA_963576545.1	fLimLim1.1	Limanda limanda	339	717597899	2116807.96	28632645	25879617.67	12	41843667	16603	614	717542899	1168636.64	3420448	4646656.80	55	14028829	16603	275	55000	200.00	200	200.00	138	200	200	205761276:152952008:153244864:205584751	42.67	245452258	614	717542899	1168636.64	275	339	
GCA_007474575.2	mLynCan4.alt.v2		15041	1416309019	94163.22	130159	183290.74	3065	2576357	1713	15046	1416308276	94131.88	130146	183253.05	3065	2576357	1501	5	743	148.60	500	364.46	1	500	13	414643085:293644668:293584759:414435764	41.46	474344913	15046	1416308276	94131.88	5	15041	
GCA_043161795.1	mMacNem.hap2		233	2963967802	12720891.85	152800439	156739488.18	8	234368445	13590	465	2963927402	6374037.42	31516155	41465892.12	26	115845634	13590	232	40400	174.14	200	185.15	101	200	100	871942277:609038492:610503670:872442963	41.15	1214283745	465	2963927402	6374037.42	232	233	
GCA_030020945.1	mManPen7.hap2		700	2869287698	4098982.43	139388172	134797144.32	8	235399238	7494	890	2854414366	3207207.15	31222426	50308234.78	24	184691834	7494	190	14873332	78280.69	2226822	3745356.85	2	6947363	13	839208197:584678199:588181754:842346216	41.09	1117536760	890	2854414366	3207207.15	190	700	
GCA_900700395.1	fMasArm1.2 alternate haplotype		1437	43703874	30413.27	33448	152849.51	293	1994584	898	1437	43703874	30413.27	33448	152849.51	293	1994584	898	0	0	0.00	0	0.00	0	0	0	12840516:8991928:9031167:12840263	41.24	11289038	1437	43703874	30413.27	0	1437	
GCA_949748355.1	fMelGel1.1		534	661975483	1239654.46	27978033	25542901.33	11	33869925	1000	1123	661856283	589364.46	1934223	2300672.72	103	6981126	1000	589	119200	202.38	200	204.70	291	400	200	192524299:138688696:138491049:192152239	41.88	214105114	1123	661856283	589364.46	589	534	
GCA_017639745.1	fMelBoe1.pri		93	865592505	9307446.29	37878235	36299080.61	11	44752309	874	533	862374604	1617963.61	9299978	10182726.36	28	27050739	165	440	3217901	7313.41	216060	201934.10	6	479078	12	260146653:170902061:171051044:260274846	39.65	245125547	533	862374604	1617963.61	440	93	
GCF_922984935.1	mMelMel3.1 paternal haplotype	Meles meles	538	2738694446	5090510.12	132955750	128316906.85	8	216965501	16442	639	2738670646	4285869.56	75210923	80733870.58	12	210729441	16442	101	23800	235.64	200	275.63	42	500	200	788220303:581848061:581588382:787013900	42.48	1027353557	639	2738670646	4285869.56	101	538	
GCA_922984935.1	mMelMel3.1 paternal haplotype	Meles meles	537	2738678004	5099959.04	132955750	128317677.12	8	216965501	16595	638	2738654204	4292561.45	75210923	80734355.18	12	210729441	16595	101	23800	235.64	200	275.63	42	500	200	788214824:581843852:581586194:787009334	42.48	1027353557	638	2738654204	4292561.45	101	537	
GCA_012275265.1	bMelUnd1.mat		930	1169393027	1257411.86	75845561	65356325.39	7	118058829	1271	1318	1101605532	835816.03	16111685	21539424.70	18	55942023	1271	388	67787495	174710.04	3769178	3566793.36	7	8564912	13	319665108:230656806:230761137:320522481	41.89	236058318	1318	1101605532	835816.03	388	930	
GCF_028018845.1	bMelGeo1.pri		40	1162015399	29050384.98	74254230	73057434.15	6	155044423	1086347	276	1160782308	4205733.00	10446106	11153873.65	36	29976604	51213	236	1233091	5224.96	48716	57504.03	7	135291	13	330557900:250269928:249768120:330186360	43.08	272551342	276	1160782308	4205733.00	236	40	
GCA_025265405.1	mMesDen1 primary haplotype		73	2683375131	36758563.44	125805690	133752927.95	8	247284360	49122	170	2682674828	15780440.16	48253041	56351657.44	18	131637648	15449	97	700303	7219.62	126210	178413.02	2	315505	13	781542908:555878398:562891776:782361746	41.70	1107045066	170	2682674828	15780440.16	97	73	
GCA_901765095.1	aMicUni1.1		1080	4685923413	4338817.97	376147139	436674281.36	4	772932187	2048	3532	4638486135	1313274.67	3650988	4817825.69	367	33608330	221	2452	47437278	19346.36	466451	724023.40	25	2824530	1	1298404855:1020708580:1020832469:1298540231	44.01	2430189469	3532	4638486135	1313274.67	2452	1080	
GCA_964266715.1	fMicKit1.1	Microstomus kitt	1581	752333918	475859.53	25769083	22165350.65	13	34612063	1000	1990	752252118	378016.14	2288625	2775296.35	94	9019000	1000	409	81800	200.00	200	200.00	205	200	200	219373794:156394840:156320501:220162983	41.57	271324861	1990	752252118	378016.14	409	1581	
GCA_038048845.1	aMixFle1.hap1		2806	2969628263	1058313.71	346624570	276278104.77	4	463649476	10329	4227	2965826130	701638.55	4050021	5274378.39	203	23175378	1	1421	3802133	2675.67	45788	74626.98	19	219021	13	885267041:597760278:598041340:884757471	40.32	1358710569	4227	2965826130	701638.55	1421	2806	
GCA_037176705.1	mMolAlv2.hap2		287	2504806577	8727549.05	113334338	119089942.84	9	276547744	5756	362	2504794677	6919322.31	69284146	67685730.62	13	128360190	5756	75	11900	158.67	200	173.95	30	200	100	723459517:529230357:528994858:723109945	42.25	1014938638	362	2504794677	6919322.31	75	287	
GCF_014108415.1	mMolMol1.p		60	2315568481	38592808.02	110665204	116871577.83	9	252436072	28361	409	2268195607	5545710.53	22174888	28048261.99	30	77248698	28361	349	47372874	135738.89	536154	738647.80	24	2208597	13	653601872:480308283:480232061:654053391	42.35	845782122	409	2268195607	5545710.53	349	60	
GCA_039880945.1	mMolNig1.hap1		366	2567103348	7013943.57	114338547	121500021.43	9	290657952	4125	479	2567086048	5359261.06	74731956	66675531.64	14	136289148	4125	113	17300	153.10	200	169.36	44	200	100	735855425:546780670:546911004:737538949	42.60	1052737677	479	2567086048	5359261.06	113	366	
GCA_039880925.1	mMolNig1.hap2		282	2394902263	8492561.22	112648841	118617376.89	9	285727026	13445	362	2394890463	6615719.51	73223485	67712530.83	13	116960386	13445	80	11800	147.50	200	164.41	30	200	100	685283112:511614399:512228349:685764603	42.75	946580972	362	2394890463	6615719.51	80	282	
GCA_027917375.1	mMonDom1.alt		8062	2616995731	324608.75	897688	1358243.47	775	12990305	9954	8086	2616904678	323634.02	887471	1346829.75	784	12990305	9954	24	91053	3793.88	89879	88728.84	1	89879	13	815518944:493791817:493814866:813779051	37.74	1136671411	8086	2616904678	323634.02	24	8062	
GCF_963930625.1	mMunRee1.1		267	2656168540	9948196.78	114544513	151458090.11	7	285828854	1000	949	2656032140	2798769.38	5780196	6977036.89	142	28506795	1000	682	136400	200.00	200	200.00	341	200	200	770878605:555896663:556788831:772468041	41.89	1044427343	949	2656032140	2798769.38	682	267	
GCA_964214025.1	sMusAst1.hap2.1	Mustelus asterias	4403	3476679425	789616.04	109776729	105646851.68	12	202643688	1000	7908	3475978425	439552.15	1258905	1728699.08	755	8268174	1000	3505	701000	200.00	200	200.00	1753	200	200	946745904:788875084:792399288:947958149	45.49	1835795622	7908	3475978425	439552.15	3505	4403	
GCA_963259705.1	mMyoDau2.1	Myotis daubentonii	122	2127824474	17441184.21	102234773	130352320.56	7	234112155	1000	1221	2127604674	1742509.97	3062752	3651405.79	213	11998348	1000	1099	219800	200.00	200	200.00	550	200	200	603752525:459651294:459061417:605139438	43.18	812733551	1221	2127604674	1742509.97	1099	122	
GCA_902148815.1	fMyrMur1.1 alternate haplotype		2193	819084930	373499.74	612296	937096.13	353	5902824	810	2199	819084242	372480.33	612296	934009.34	354	5902824	481	6	688	114.67	476	348.86	1	476	13	238355173:171212104:171277778:238239187	41.81	219641681	2199	819084242	372480.33	6	2193	
GCA_963989245.1	fNanAnt1.1		1177	1085794659	922510.33	66745282	61796023.38	7	114812566	1000	4476	1085134859	242434.06	750607	1062757.88	386	7084714	1000	3299	659800	200.00	200	200.00	1650	200	200	297632565:245130718:245517426:296854150	45.22	509313841	4476	1085134859	242434.06	3299	1177	
GCA_964273705.1	rNatHel1.hap1.1	Natrix helvetica	487	1777516490	3649931.19	172830377	203971522.60	4	376816054	1000	2497	1777114490	711699.84	1870695	2468923.95	266	11032010	1000	2010	402000	200.00	200	200.00	1005	200	200	517751106:370352668:370710615:518300101	41.70	809305022	2497	1777114490	711699.84	2010	487	
GCA_027579695.1	fNeoGra1.pri		38	2341916362	61629377.95	83992109	89793933.29	11	131004987	29346	372	2328656222	6259828.55	14859289	17440767.81	50	61733323	15320	334	13260140	39701.02	1585142	1164669.10	4	2165723	13	670095048:494046118:494351735:670163321	42.44	1453063693	372	2328656222	6259828.55	334	38	
GCF_028018385.1	mNeoNeb1.pri		33	2468345093	74798336.15	150204169	151530210.65	7	243997075	17537	214	2466981241	11527949.72	51579577	56952269.77	16	151393616	17537	181	1363852	7535.09	95575	177140.42	3	327273	13	717741320:515344120:515657603:718238198	41.79	836043265	214	2466981241	11527949.72	181	33	
GCA_028018655.1	mNeoNeb1.alt		10377	1980212524	190827.07	381041	527663.77	1507	7126562	10106	10377	1980212524	190827.07	381041	527663.77	1507	7126562	10106	0	0	0.00	0	0.00	0	0	0	576217408:413771192:413808547:576415377	41.79	650144501	10377	1980212524	190827.07	0	10377	
GCA_963082525.1	bNesMay2.1		143	1183271950	8274629.02	78184682	97633922.66	5	214152265	1000	652	1183170150	1814678.14	4840756	5848016.38	75	18893325	1000	509	101800	200.00	200	200.00	255	200	200	341799217:249991987:250089121:341289825	42.27	260999424	652	1183170150	1814678.14	509	143	
GCA_964035535.1	bNetRuf1.1 alternate haplotype	Netta rufina	3206	968137862	301976.88	1084822	1471103.85	246	6103003	3941	3207	968137662	301882.65	1084822	1471102.05	246	6103003	3941	1	200	200.00	200	200.00	1	200	200	280312625:203893597:203560940:280370500	42.09	226935193	3207	968137662	301882.65	1	3206	
GCF_013368605.1	bNycGra1.pri		190	1256393467	6612597.19	92359233	78363108.90	6	133763977	2716	433	1250254334	2887423.40	23231768	37918371.25	13	94894540	1050	243	6139133	25263.92	283846	379727.09	6	847631	13	357850598:266356312:267116776:358930648	42.67	292301483	433	1250254334	2887423.40	243	190	
GCF_027406575.1	mNycCou1.pri		84	2917154053	34728024.44	135917784	128565440.04	10	196249132	1402	302	2913034547	9645809.76	41197715	44917895.66	23	108466239	1402	218	4119506	18896.82	609427	862243.99	2	1696687	13	861897523:594555345:594473181:862108498	40.82	1174049342	302	2913034547	9645809.76	218	84	
GCF_903995425.1	mOncTor1.1		2949	2468394440	837027.62	112723509	112119611.71	9	180773261	212	5092	2442231814	479621.33	2276141	2896743.71	308	12732129	1	2143	26162626	12208.41	1259395	1574943.96	6	3073328	1	710440166:510434390:510619697:710737561	41.81	794060434	5092	2442231814	479621.33	2143	2949	
GCA_937001465.1	mOrcOrc1.1	Orcinus orca	448	2647351467	5909266.67	114219206	122049299.43	9	212697510	15590	571	2647327031	4636299.53	45583382	58772783.95	16	136725247	15590	123	24436	198.67	200	199.76	62	200	36	770893453:554908477:554533593:766991508	41.91	1088774256	571	2647327031	4636299.53	123	448	
GCA_964237555.1	mOryCun1.1	Oryctolagus cuniculus	222	2804674863	12633670.55	144279705	143354166.47	8	238208258	1000	2498	2804219663	1122585.93	2030165	2323410.71	443	8600074	1000	2276	455200	200.00	200	200.00	1138	200	200	785054236:617482504:616848069:784834854	44.02	1145972561	2498	2804219663	1122585.93	2276	222	
GCA_963692335.1	fOsmEpe2.1	Osmerus eperlanus	1008	508737883	504700.28	18633437	18083827.70	12	27410175	1000	3470	508245483	146468.44	396237	1008143.19	272	9150893	1000	2462	492400	200.00	200	200.00	1231	200	200	138808336:115385911:115433497:138617739	45.41	174600851	3470	508245483	146468.44	2462	1008	
GCF_038355195.1	fOsmMor3.pri		366	497690099	1359809.01	18699972	17989681.71	12	26325141	13491	2273	497325899	218797.14	607895	1634650.64	157	8303878	164	1907	364200	190.98	200	195.28	911	200	100	135490320:113214922:113335749:135284908	45.55	167583137	2273	497325899	218797.14	1907	366	
GCA_038355625.1	fOsmMor3.standard.alt		7757	420089129	54156.13	68327	225411.65	1522	4018496	8906	7757	420089129	54156.13	68327	225411.65	1522	4018496	8906	0	0	0.00	0	0.00	0	0	0	115737702:94384596:94092023:115874808	44.87	137293994	7757	420089129	54156.13	0	7757	
GCA_027382375.1	fPanHyp1.alt		3274	738869872	225678.03	449892	553440.70	496	3846662	9643	3275	738869827	225609.11	449892	553436.68	496	3846662	7773	1	45	45.00	45	45.00	1	45	45	225611785:144073955:143809634:225374453	38.96	230276816	3275	738869827	225609.11	1	3274	
GCA_900634625.1	fParRan2.1		156	551012959	3532134.35	22993012	23684612.13	10	46703924	1172	1679	540451411	321888.87	5080925	5998282.66	31	17068833	6	1523	10561548	6934.70	13447	27383.97	182	153246	1	155677431:114534190:114518169:155721621	42.38	134255659	1679	540451411	321888.87	1523	156	
GCA_036172585.1	aPelFus1.hap1		270	3573895713	13236650.79	381959662	330994828.05	5	493562827	1000	1382	3573673487	2585870.83	6499071	8376965.57	161	41478379	1000	1112	222226	199.84	200	199.98	556	200	26	1036429829:750828697:750871049:1035543912	42.02	1800910657	1382	3573673487	2585870.83	1112	270	
GCA_036172765.1	aPelIbe1.hap2		245	2046969639	8354978.12	208476877	180463267.59	5	292934512	2000	784	2046861839	2610793.16	7740289	10822626.77	70	37385204	2000	539	107800	200.00	200	200.00	270	200	200	615435935:407625799:406071612:617728493	39.75	979054177	784	2046861839	2610793.16	539	245	
GCA_010993595.1	kPetMar1.alt		4064	841632067	207094.50	397797	514104.21	613	3125376	308	4075	841607518	206529.45	397345	513962.38	613	3125376	308	11	24549	2231.73	22103	19945.40	1	22103	13	217525959:203096078:203437340:217548141	48.30	404031481	4075	841607518	206529.45	11	4064	
GCF_963921805.1	bPhaCar2.1		350	1283623959	3667497.03	84621172	99709362.57	5	218912229	1000	843	1283525359	1522568.63	4631399	5646808.66	84	17734608	1000	493	98600	200.00	200	200.00	247	200	200	362656304:278637855:279284390:362946810	43.47	281468095	843	1283525359	1522568.63	493	350	
GCA_963924675.1	mPhoPho1.1		440	2512729496	5710748.85	110192646	114469828.14	9	187254698	1000	1406	2512536296	1787010.17	3726689	4420654.05	208	13511482	1000	966	193200	200.00	200	200.00	483	200	200	733043618:523960324:524281928:731250426	41.72	968247654	1406	2512536296	1787010.17	966	440	
GCA_008692025.1	mPhoSin1.pri		65	2371540524	36485238.83	115469292	121132410.46	8	185845356	1871	277	2363494873	8532472.47	20218762	23072512.09	39	62522136	1	212	8045651	37951.18	198989	238486.83	12	667314	1	692827804:488843401:488783890:693039778	41.36	830922204	277	2363494873	8532472.47	212	65	
GCA_009819775.1	bPhoRub2.pri		90	1246226932	13846965.91	85472901	101979054.86	5	220917696	1822	370	1237624816	3344931.94	14700712	18707547.53	26	73216010	1822	280	8602116	30721.84	184621	349189.37	11	1146645	13	350509799:267473503:268087868:351553646	43.27	253117188	370	1237624816	3344931.94	280	90	
GCA_020510985.1	fPhoLeu1.pri		512	6032307556	11781850.70	435632707	412389259.16	7	501236086	766	3092	5979526732	1933870.22	5866050	7242616.88	304	30826243	55	2580	52780824	20457.68	407843	618599.76	35	2006918	3	1658801355:1330886118:1330993244:1658846015	44.52	4483515825	3092	5979526732	1933870.22	2580	512	
GCA_910591705.2	fPhoGun1.2 alternate haplotype	Pholis gunnellus	2165	590303236	272657.38	640680	837972.90	252	3229349	3723	2166	590302736	272531.27	640680	837969.43	252	3229349	3723	1	500	500.00	500	500.00	1	500	500	170514594:124708406:124754996:170324740	42.26	140484435	2166	590302736	272531.27	1	2165	
GCF_004126475.2	mPhyDis1.pri.v3		77	2108832841	27387439.49	171742863	158538682.49	6	218430143	20585	961	2093743985	2178713.82	6892556	8009652.20	94	24911458	1	884	15088856	17068.84	86812	172738.69	38	752955	1	603001866:443638300:443675888:603427931	42.38	632782137	961	2093743985	2178713.82	884	77	
GCF_947347685.1	fPlePla1.1	Pleuronectes platessa	355	687388084	1936304.46	26648505	24626851.83	12	33765178	1000	1427	687173684	481551.29	1477112	2156229.57	118	9084626	1000	1072	214400	200.00	200	200.00	536	200	200	197653675:146148198:145947399:197424412	42.51	225503064	1427	687173684	481551.29	1072	355	
GCA_017639485.1	bPluApr1.pri		107	1247767512	11661378.62	87527607	105986798.95	5	222690203	3688	375	1235472775	3294594.07	15203797	21179057.87	23	79609756	495	268	12294737	45875.88	325410	477784.70	10	1320089	13	353889966:263844695:263713142:354024972	42.70	256679703	375	1235472775	3294594.07	268	107	
GCA_964270895.1	rPodFil1.hap1.1	Podarcis filfolensis	349	1506966124	4317954.51	91563485	87487007.25	7	136390025	1000	1221	1506791724	1234063.66	3042058	4055273.35	141	17513984	1000	872	174400	200.00	200	200.00	436	200	200	423691689:329994949:329831462:423273624	43.79	564959872	1221	1506791724	1234063.66	872	349	
GCA_964188315.1	rPodMur119.hap1.1	Podarcis muralis	185	1522641370	8230493.89	91987695	89980639.16	7	137271248	1000	1012	1522475970	1504422.90	3229453	3929026.33	147	18850722	1000	827	165400	200.00	200	200.00	414	200	200	424361088:336765179:336689648:424660055	44.23	567104476	1012	1522475970	1504422.90	827	185	
GCF_027172205.1	rPodRaf1.pri		27	1513131503	56041907.52	93623253	90718876.90	7	139138986	358	57	1513108387	26545761.18	61439401	62625318.64	10	104751829	358	30	23116	770.53	6169	5551.31	2	9101	23	425652288:331473293:331350305:424632501	43.81	572535690	57	1513108387	26545761.18	30	27	
GCA_964188175.1	rPodSic1.hap1.1	Podarcis siculus	294	1571381643	5344835.52	94541350	86696623.92	7	137310647	1000	1056	1571229243	1487906.48	3060007	3742525.38	160	16496121	1000	762	152400	200.00	200	200.00	381	200	200	437886598:348958993:347374399:437009253	44.32	627526299	1056	1571229243	1487906.48	762	294	
GCA_028020825.1	bPodStr1.pri		1038	1271141449	1224606.41	58393285	69197747.02	7	177501524	17139	1241	1268974171	1022541.64	11637970	19334359.02	27	79645112	17139	203	2167278	10676.25	494826	439338.24	2	785652	13	367234195:268300813:269091537:364347626	42.35	343336634	1241	1268974171	1022541.64	203	1038	
GCF_030490865.1	bPoeAtr1.hap1		307	1251133641	4075353.88	107919339	95366826.94	5	181565373	1000	710	1250174693	1760809.43	8462732	10386057.77	44	34538472	191	403	958948	2379.52	12147	19059.10	18	71075	13	359899187:265143072:265032508:360099926	42.41	291548759	710	1250174693	1760809.43	403	307	
GCF_015220805.1	bPogPus1.pri		252	1272338968	5048964.16	33994490	39841619.54	13	117909544	5358	559	1266326211	2265342.06	16792259	18227113.75	25	47589575	1797	307	6012757	19585.53	173817	290301.43	9	824725	13	342008252:290817514:291200394:342300051	45.96	446331334	559	1266326211	2265342.06	307	252	
GCA_949987615.1	fPolPol2.1	Pollachius pollachius	616	606767444	985012.08	27399917	31536354.19	8	53464670	1000	2426	606405444	249961.02	606672	921884.56	254	4276471	1000	1810	362000	200.00	200	200.00	905	200	200	164696812:138576215:138347969:164784448	45.67	194809672	2426	606405444	249961.02	1810	616	
GCF_036250125.1	bDixPip1.hap1		696	1165201947	1674140.73	75011098	74503156.08	6	156033950	1000	1019	1165137347	1143412.51	10447158	13211411.12	32	39854227	1000	323	64600	200.00	200	200.00	162	200	200	333657203:248067564:248983489:334429091	42.66	244722177	1019	1165137347	1143412.51	323	696	
GCF_039906515.1	mPseCra1.hap1		438	2674592094	6106374.64	110095734	118362660.24	9	198744646	9247	561	2671794102	4762556.33	58817648	64948472.46	15	176753052	3280	123	2797992	22747.90	358020	414056.43	3	764827	13	774364043:562923914:561435050:773071095	42.08	1105950996	561	2671794102	4762556.33	123	438	
GCA_949316245.1	fPunPun2.1 alternate haplotype		1934	413337341	213721.48	532838	776498.68	203	4028402	1918	1934	413337341	213721.48	532838	776498.68	203	4028402	1918	0	0	0.00	0	0.00	0	0	0	115596772:91144022:91125992:115470555	44.10	108651124	1934	413337341	213721.48	0	1934	
GCA_963513955.1	sRajBra1.1 alternate haplotype	Raja brachyura	10683	2597179146	243113.28	525117	724389.40	1398	7886893	3499	10683	2597179146	243113.28	525117	724389.40	1398	7886893	3499	0	0	0.00	0	0.00	0	0	0	719324486:585339185:577518397:714997078	44.77	1491020202	10683	2597179146	243113.28	0	10683	
GCF_015227675.2	mRatBN7.2		176	2647915728	15044975.73	135012528	147888080.17	8	260522016	746	757	2626580772	3469723.61	29198295	34606890.10	27	89387437	136	581	21334956	36721.09	268310	283005.51	26	660122	10	761705547:551469780:551505978:761899467	41.99	934089778	757	2626580772	3469723.61	581	176	
GCA_963969265.1	fRhaChi2.1	Rhamphochromis sp. 'chilingali'	82	921184210	11233953.78	39959964	44189497.64	10	72946008	1000	504	921099810	1827578.99	4163600	4891338.98	71	14381365	1000	422	84400	200.00	200	200.00	211	200	200	270986714:189538773:189652625:270921698	41.17	300852542	504	921099810	1827578.99	422	82	
GCF_028389875.1	bPtePen1.pri		180	1269016774	7050093.19	82467789	95573166.20	5	216936262	16749	308	1267565101	4115471.11	19335416	24997200.51	19	86083197	16749	128	1451673	11341.20	1186329	980381.35	1	1186329	13	365104206:269698258:268328120:364434517	42.45	279845800	308	1267565101	4115471.11	128	180	
GCA_028389885.1	bPtePen1.alt		910	983620806	1080901.98	3662187	6690938.76	63	31427102	10213	910	983620806	1080901.98	3662187	6690938.76	63	31427102	10213	0	0	0.00	0	0.00	0	0	0	285087646:207307331:206841507:284384322	42.10	204901359	910	983620806	1080901.98	0	910	
GCA_901001135.1	aRhiBiv1.1		1329	5319222779	4002424.97	486875112	485925028.53	4	839681426	120	4902	5285266939	1078185.83	3216284	3943953.30	489	16348592	52	3573	33955840	9503.45	136639	199887.02	67	771063	4	1469229817:1173348819:1173210348:1469477955	44.40	2309964629	4902	5285266939	1078185.83	3573	1329	
GCA_030035675.1	rRhiFlo1.hap2		77	2307436586	29966708.91	188683971	176780754.02	5	323582766	15789	319	2300970302	7213073.05	18156940	23326162.38	38	75372028	15789	242	6466284	26720.18	136576	411947.62	9	1381917	13	657155668:493177272:493053983:657583379	42.86	1034113648	319	2300970302	7213073.05	242	77	
GCA_037038545.1	mRhyNas2.hap1		41	2455066473	59879670.07	286991050	255389342.12	4	372384904	16628	109	2455055873	22523448.38	86271459	99862407.87	10	209121287	3412	68	10600	155.88	200	171.70	27	200	100	727106934:500342997:500785752:726820190	40.78	1004816638	109	2455055873	22523448.38	68	41	
GCF_028500815.1	bRisTri1.patW.cur.20221130		716	1353621101	1890532.26	88208671	99842508.93	5	219604264	13704	999	1352834728	1354188.92	15653959	21680944.49	24	88849838	13704	283	786373	2778.70	24201	26040.18	11	55470	13	376189844:300278113:300361171:376005600	44.40	353021069	999	1352834728	1354188.92	283	716	
GCA_036850925.1	mSacBil1_alt_phased_curated		2167	2418198563	1115919.96	5225685	6918468.55	136	30980342	652	2167	2418198563	1115919.96	5225685	6918468.55	136	30980342	652	0	0	0.00	0	0.00	0	0	0	703179065:506119752:506086128:702813618	41.86	1028311574	2167	2418198563	1115919.96	0	2167	
GCA_902148845.1	fSalaFa1.1		202	797490645	3947973.49	32729575	31502071.61	11	41705463	3075	804	787042748	978908.89	2597836	3549393.36	86	15801682	806	602	10447897	17355.31	464238	529855.50	8	1418808	13	218986541:174513061:174461288:219081858	44.34	203942762	804	787042748	978908.89	602	202	
GCA_901001165.2	fSalTru1.2		1441	2371880186	1645995.97	52209666	54602379.48	18	97529106	6004	5382	2298279481	427030.75	1692994	2959943.04	295	14403744	1	3941	73600705	18675.64	132444	197172.97	162	1160791	1	650731493:498042885:498445957:651059146	43.36	1206892863	5382	2298279481	427030.75	3941	1441	
GCA_037950955.1	bSarPap1.hap2		140	1469241744	10494583.89	87061668	101358711.75	5	236910404	12295	268	1469216144	5482149.79	30635722	48450447.45	11	151491809	12295	128	25600	200.00	200	200.00	64	200	200	405900661:326575526:329765740:406974217	44.67	511254598	268	1469216144	5482149.79	128	140	
GCA_963854175.1	fSarPil1.1 alternate haplotype	Sardina pilchardus	4089	935120696	228691.78	33020121	31531020.45	13	53206512	1000	7438	934451071	125632.03	427866	652831.21	558	5316875	1000	3349	669625	199.95	200	199.99	1675	200	25	259171544:208038684:208051509:259189334	44.53	338019375	7438	934451071	125632.03	3349	4089	
GCA_964197995.1	fScaEry2.hap1.1		755	1229666150	1628696.89	44954600	47079346.88	11	80171683	1000	1591	1229498950	772783.75	2291051	2841895.32	157	9866000	1000	836	167200	200.00	200	200.00	418	200	200	375082890:239968508:239837529:374610023	39.02	531566949	1591	1229498950	772783.75	836	755	
GCA_020382885.1	fScaArg1.pri		48	570802272	11891714.00	24451451	24333584.96	11	29849514	16771	125	569090713	4552725.70	17189422	15508664.92	14	27124904	16771	77	1711559	22228.04	218670	193769.90	4	307685	10	166453368:118085702:118009157:166542486	41.49	117757757	125	569090713	4552725.70	77	48	
GCA_902685475.1	mSciCar1.1 alternate haplotype		9508	2057949030	216443.95	492513	689289.43	1082	3254345	1042	9510	2057948500	216398.37	492513	689252.65	1082	3254345	1042	2	530	265.00	500	473.40	1	500	30	615183070:414197836:414062728:614504866	40.25	676818400	9510	2057948500	216398.37	2	9508	
GCA_963854755.1	fScoMax1.1 alternate haplotype	Scophthalmus maximus	2723	540345941	198437.73	435753	619653.92	331	3612394	2947	2723	540345941	198437.73	435753	619653.92	331	3612394	2947	0	0	0.00	0	0.00	0	0	0	152948547:117130202:117085264:153181928	43.35	133259442	2723	540345941	198437.73	0	2723	
GCA_902713615.1	sScyCan1.1		645	4220389930	6543240.20	198790641	190492560.82	9	313568160	995	7791	4156169183	533457.73	1855773	2514724.68	616	13395245	31	7146	64220747	8986.95	152174	472384.92	68	2605168	1	1087862218:990583604:989674543:1088048818	47.65	2136908398	7791	4156169183	533457.73	7146	645	
GCA_950288535.1	FD01874743		333	4441955	13339.20	25654	31350.82	51	86857	205	333	4441955	13339.20	25654	31350.82	51	86857	205	0	0	0.00	0	0.00	0	0	0	1095764:1130652:1128939:1086600	50.87	0	333	4441955	13339.20	0	333	
GCF_027595985.1	mSorAra2.pri		65	2405993548	37015285.35	374364821	289683886.41	3	452700413	9918	1492	2393049584	1603920.63	4024507	4866784.69	182	19703282	9918	1427	12943964	9070.75	302828	480105.32	9	1386908	13	679081411:517460125:517282222:679225826	43.24	982940389	1492	2393049584	1603920.63	1427	65	
GCA_900880675.2	fSpaAur1.2		176	833595063	4736335.59	35791275	34107722.25	11	41392777	16652	1226	833252795	679651.55	2862625	3941375.36	75	12576271	2	1050	342268	325.97	500	431.63	343	500	3	241989233:174806947:174681847:241774768	41.94	208049446	1226	833252795	679651.55	1050	176	
GCF_027358695.1	aSpeBom1.2.pri		17	987655159	58097362.29	114150385	103637497.89	4	165483513	24339	119	983832516	8267500.13	21170366	34949156.55	10	90256550	24339	102	3822643	37476.89	805906	1008732.72	2	1740727	13	293190719:199097608:198838621:292705568	40.45	350566278	119	983832516	8267500.13	102	17	
GCA_027382365.2	aSpeBom1.2.alt		1516	785569511	518185.69	2001516	2528560.09	115	7812605	6008	1516	785569511	518185.69	2001516	2528560.09	115	7812605	6008	0	0	0.00	0	0.00	0	0	0	235375453:157309144:157257364:235627550	40.04	264707817	1516	785569511	518185.69	0	1516	
GCA_964194095.1	mSpeCit3.1 alternate haplotype	Spermophilus citellus	28066	2268893178	80841.34	228734	571761.04	2090	15082692	2950	28066	2268893178	80841.34	228734	571761.04	2090	15082692	2950	0	0	0.00	0	0.00	0	0	0	684317995:449740728:456930263:677904192	39.96	971732749	28066	2268893178	80841.34	0	28066	
GCA_902148855.1	fSphaOr1.1		340	1342662642	3949007.77	57165184	55608981.89	11	81199652	1109	2184	1339096561	613139.45	2360121	3298014.09	148	16486228	344	1844	3566081	1933.88	79867	104702.93	13	295227	7	415855197:253837474:253716090:415687800	37.90	638820221	2184	1339096561	613139.45	1844	340	
GCA_963457725.1	fSprSpr1.1	Sprattus sprattus	387	840332306	2171401.31	33839184	43576246.75	9	78916084	1000	1888	840032080	444932.25	1216682	1732233.45	186	7550000	1000	1501	300226	200.02	200	200.02	751	226	200	235627376:184248296:183963605:236192803	43.83	287030006	1888	840032080	444932.25	1501	387	
GCA_901699165.2	bStrTur1.2 alternate haplotype		3334	1035330184	310536.95	776317	1034547.02	369	5386655	243	3334	1035330184	310536.95	776317	1034547.02	369	5386655	243	0	0	0.00	0	0.00	0	0	0	301484650:215900923:216138404:301806207	41.73	201765433	3334	1035330184	310536.95	0	3334	
GCA_004027225.2	bStrHab1.2.pri		90	1148615375	12762393.06	83240647	83118689.39	6	155644563	17830	463	1138071294	2458037.35	9454087	10423368.53	40	27948959	1	373	10544081	28268.31	123971	250555.24	20	885493	1	330099708:238743396:238851933:330376257	41.97	227714872	463	1138071294	2458037.35	373	90	
GCA_024140225.1	mSunEtr1.alt.cur		14815	1515382512	102287.04	140719	208812.30	2910	1720014	416	14841	1515381692	102107.79	140198	208676.22	2912	1720014	416	26	820	31.54	45	37.15	9	69	14	454759802:302061367:302165948:456394575	39.87	698498199	14841	1515381692	102107.79	26	14815	
GCF_901709675.1	fSynAcu1.2		87	324331233	3727945.21	14974571	16327666.13	8	28444102	28056	130	324317533	2494750.25	11959915	12454914.23	11	25879647	3530	43	13700	318.60	500	412.41	14	500	100	91698204:70472607:70490842:91655880	43.46	82255147	130	324317533	2494750.25	43	87	
GCA_948146105.1	fSynAcu2.1	Syngnathus acus	251	359216277	1431140.55	15280236	15861371.53	9	28865858	1000	346	359197277	1038142.42	4933801	4508245.76	29	10915438	1000	95	19000	200.00	200	200.00	48	200	200	100061921:79635459:79646599:99853298	44.34	109939582	346	359197277	1038142.42	95	251	
GCA_015852515.1	mTacAcu1.alt		3482	1885160879	541401.75	948183	1502557.78	510	10021362	224	3508	1884720776	537263.62	944524	1500045.23	511	10021362	224	26	440103	16927.04	354948	293448.72	1	354948	12	515655024:427179555:426990947:514895250	45.32	1059263221	3508	1884720776	537263.62	26	3482	
GCF_008822105.2	bTaeGut2.pat.W.v2		205	1068988106	5214576.13	70879221	71909181.48	6	151896526	2218	1062	1047419369	986270.59	4378277	6553866.95	63	29007665	1	857	21568737	25167.72	231406	338910.20	25	1199681	1	304913419:219053114:218903215:304549621	41.81	205004047	1062	1047419369	986270.59	857	205	
GCA_003957565.4	bTaeGut1.4.pri		199	1056271264	5307895.80	70982421	72351667.19	6	151653088	472	551	1052636476	1910411.03	8964551	13866369.73	32	65487699	242	352	3634788	10326.10	147328	199301.81	7	530575	13	306050481:220384784:220290110:305911101	41.86	210145577	551	1052636476	1910411.03	352	199	
GCA_008822125.1	bTaeGut2pat		202	1047569904	5185989.62	71341325	72964127.51	5	151897542	2220	1030	1026835742	996927.90	4443179	6650439.42	61	29007840	48	828	20734162	25041.26	235644	345050.35	23	1199681	6	299316679:214523049:214054712:298941302	41.74	195560396	1030	1026835742	996927.90	828	202	
GCF_901000725.2	fTakRub1.2		128	384126662	3000989.55	16705553	17043628.86	10	29232231	16447	530	380438133	717807.80	3136617	3869374.06	35	13376190	1293	402	3688529	9175.45	138644	165595.06	9	428276	10	103350310:86838134:86894465:103355224	45.67	77206756	530	380438133	717807.80	402	128	
GCA_020745685.1	fTauAds1.pri.cur		64	723582185	11305971.64	31691308	30969509.49	11	37089861	533	347	719325965	2072985.49	7919333	9645002.25	27	24542842	533	283	4256220	15039.65	148732	343025.45	7	1019239	13	211095559:148474978:148680928:211074500	41.31	195117918	347	719325965	2072985.49	283	64	
GCA_933228925.1	fTelBon1.1 alternate haplotype		4619	781234592	169135.01	323021	402943.43	719	1817129	3150	4619	781234592	169135.01	323021	402943.43	719	1817129	3150	0	0	0.00	0	0.00	0	0	0	228310413:162749691:162455155:227719333	41.63	292303401	4619	781234592	169135.01	0	4619	
GCA_009769695.1	rThaEle1.alt		13623	1814330211	133181.40	440193	910761.10	818	6788696	529	13642	1813000051	132898.41	432811	908641.66	822	6788696	529	19	1330160	70008.42	997868	780932.10	1	997868	13	534541931:371910852:371806969:534740299	41.02	790304273	13642	1813000051	132898.41	19	13623	
GCA_914725855.2	fThuAlb1.2		70	792134391	11316205.59	34622995	33478076.43	11	41207429	10124	140	792111091	5657936.36	26795544	23885111.75	13	37025965	10124	70	23300	332.86	500	399.57	24	500	200	238824346:157238680:157478588:238569477	39.73	208086833	140	792111091	5657936.36	70	70	
GCA_910596085.1	fThuMac1.1 alternate haplotype		895	782574410	874384.82	2439055	3199509.83	94	16815622	9807	895	782574410	874384.82	2439055	3199509.83	94	16815622	9807	0	0	0.00	0	0.00	0	0	0	235981408:155390424:155438723:235763855	39.72	203452523	895	782574410	874384.82	0	895	
GCA_963924655.1	fThuThy2.1 alternate haplotype		3713	806472619	217202.43	773247	951420.28	306	3672164	1569	3715	806472219	217085.39	773247	951405.63	306	3672164	1569	2	400	200.00	200	200.00	1	200	200	242605351:160589576:160737673:242539619	39.84	221290689	3715	806472219	217085.39	2	3713	
GCF_035046505.1	rTilSci1.hap2		350	1623332312	4638092.32	242160784	201114567.11	3	314321002	14015	722	1623257912	2248279.66	33113817	41456320.01	14	102907154	14015	372	74400	200.00	200	200.00	186	200	200	448486449:363050094:362992451:448728918	44.73	592456251	722	1623257912	2248279.66	372	350	
GCA_035046505.1	rTilSci1.hap2		350	1623332312	4638092.32	242160784	201114567.11	3	314321002	14015	722	1623257912	2248279.66	33113817	41456320.01	14	102907154	14015	372	74400	200.00	200	200.00	186	200	200	448486449:363050094:362992451:448728918	44.73	592456251	722	1623257912	2248279.66	372	350	
GCA_017976425.1	fToxJac2.pri		96	621503431	6473994.07	26859436	26655284.92	11	32862146	22722	194	620365959	3197762.68	15555772	14187879.82	16	25993797	19380	98	1137472	11606.86	297451	263236.85	2	417859	13	183024103:127730097:127272468:182339291	41.11	170387963	194	620365959	3197762.68	98	96	
GCF_030014385.1	fTriRos1.hap1		349	1045025885	2994343.51	40419146	43519965.15	10	87397567	1000	547	1044986285	1910395.40	13074164	15907994.43	24	40042000	1000	198	39600	200.00	200	200.00	99	200	200	312233583:210546131:210254475:311952096	40.27	500997587	547	1044986285	1910395.40	198	349	
GCA_963924515.1	mVesMur1.1		178	1925577803	10817852.83	186292382	144782491.66	5	219009580	1000	1158	1925381803	1662678.59	3319810	3992159.52	177	15400909	1000	980	196000	200.00	200	200.00	490	200	200	543460164:419073798:419330746:543517095	43.54	706126819	1158	1925381803	1662678.59	980	178	
GCA_026979555.1	bVidCha1 purged dups haplotype		1939	154870056	79871.10	88130	123911.92	543	660102	2767	1939	154870056	79871.10	88130	123911.92	543	660102	2767	0	0	0.00	0	0.00	0	0	0	38848171:38561512:38466498:38993875	49.74	51355932	1939	154870056	79871.10	0	1939	
GCA_964106825.2	mVulVul1.hap1.2	Vulpes vulpes	461	2411727275	5231512.53	139235879	141597924.94	8	200869998	2000	2306	2411358275	1045688.76	2040520	2429818.08	373	10967384	2000	1845	369000	200.00	200	200.00	923	200	200	707472983:498329145:498469695:707086452	41.34	776394283	2306	2411358275	1045688.76	1845	461	
GCF_009762305.2	mZalCal1.pri.v2		47	2409685272	51269899.40	147124152	148471916.33	7	216121386	6074	232	2391147496	10306670.24	31618759	36884995.37	24	88945600	382	185	18537776	100204.19	770694	675946.21	10	1132708	5	700647337:494989973:494836139:700674047	41.40	800288063	232	2391147496	10306670.24	185	47	
GCA_960530785.1	fZeuFab8.1 alternate haplotype	Zeus faber	5370	809816570	150803.83	331067	493900.67	656	3017887	2770	5370	809816570	150803.83	331067	493900.67	656	3017887	2770	0	0	0.00	0	0.00	0	0	0	227040126:178002030:177801558:226972856	43.94	312506350	5370	809816570	150803.83	0	5370	
GCA_963506605.1	rZooViv1.1	Zootoca vivipara	49	1440256436	29392988.49	96056580	88978381.29	7	135718641	7000	732	1440119836	1967376.83	3447840	4348997.21	122	12667073	7000	683	136600	200.00	200	200.00	342	200	200	403009191:317163828:317255378:402691439	44.05	535447940	732	1440119836	1967376.83	683	49	
