SRS	# reads	Total read length	Average read length	Read N50	Smallest read length	Largest read length	Coverage	GC content	Base composition (A:C:T:G)	Average read quality
SRS22326089	50483968	808232108206	16009.68	19287	47	600992	inf	47.37	203592733874:174598047749:221772329255:208268997328	39.14
SRS18782498	
ERS14649112	
SRS18698972	15077024	193647642380	12843.89	22636	50	149074	inf	40.79	55919308268:41048684466:58744416197:37935233449	0.00
ERS9816414	
ERS2227473	6270033	48626964776	7755.46	13612	50	211655	inf	42.05	13718112051:10718477554:14463567642:9726807529	0.00
SRS22136854	29131842	410013619446	14074.41	14486	71	51118	inf	41.74	119455591718:85595089486:119424770498:85538167744	83.08
SRS18782497	
SRS18691297	17937017	255846300614	14263.59	16509	45	369531	inf	43.13	73763755460:56289610740:71728084844:54064849570	21.72
SRS22403591	9058662	149826154302	16539.55	17696	50	371183	inf	41.67	43673196368:30783916285:43714926409:31654115240	77.43
SRS18687178	6351013	80275280827	12639.76	21054	50	118550	inf	43.18	22273582585:18041610190:23340689753:16619398299	0.00
SRS22175712	29888359	550901495574	18431.98	19333	82	560725	inf	42.13	161009922177:117782452392:157806722068:114302398937	40.79
SRS22403596	10879349	169440972234	15574.55	16001	156	50773	inf	41.72	49361289156:35500472689:49388003745:35191206644	81.25
SRS22219854	23854455	355919534924	14920.46	15242	72	50466	inf	40.07	106656477539:71333609742:106657512674:71271934969	82.63
ERS5280876	
SRS22164953	19921812	327290493715	16428.75	17524	90	738461	inf	42.23	93851069893:68028883593:95235741682:70174798547	42.24
ERS16789442	
SRS19335848	
SRS18671020	6630032	88371514261	13328.97	22562	50	137917	inf	43.36	24414615941:20047019037:25638076377:18271802906	0.00
ERS6484570	9404107	98783345003	10504.28	13080	53	54248	inf	42.28	28491775983:20907110453:28521959569:20862498998	80.98
ERS15398495	
ERS16199537	
ERS13671894	
SRS19335844	81741997	1317562988140	16118.56	17180	47	580556	inf	47.78	327784678758:275898569571:360231618548:353648121263	47.31
ERS3567197	13693299	222675787405	16261.66	27550	50	98127	inf	41.64	62693838333:48553563046:67256798531:44171587495	0.00
ERS8634460	
ERS3701069	4901737	70276967574	14337.16	25468	50	96678	inf	40.03	20433356802:14716418165:21708540914:13418651693	0.00
ERS13500209	
SRS18707787	12571013	204113148751	16236.81	28049	50	143307	inf	42.08	57113196270:45208869082:61109443804:40681639595	0.00
ERS16282775	
ERS5300396	
ERS5921925	
ERS4354975	22207482	349841840603	15753.33	20513	45	163723	inf	39.37	108728173902:71098501684:103391196521:66623968496	26.08
SRS18387423	75353833	984717300920	13067.91	15753	44	795104	inf	45.06	268466969103:209486862625:272511440337:234252028855	6.42
SRS22161852	12839740	99768627150	7770.30	9242	54	69887	inf	41.35	29204016336:20541307960:29310723048:20712579806	38.49
SRS22289852	40408074	793965693160	19648.69	20512	70	608851	inf	44.46	219420086825:173734864232:221517631060:179293111043	26.67
SRS18002895	74073361	730188186362	9857.64	12418	44	662339	inf	42.91	213361441984:162582840740:203502201510:150741702128	7.25
SRS22096546	30427741	496642030814	16322.01	18216	100	684304	inf	44.31	137282372460:107665082814:139286017162:112408558378	25.07
SRS22091781	11397476	98394190336	8632.98	10814	85	70546	inf	40.67	29174055540:19967631796:29207057670:20045445330	38.20
SRS22328527	
ERS2227381	
ERS15394003	
SRS18688462	
ERS5458535	
SRS18698935	
ERS3189059	13550398	152365011761	11244.32	20085	50	153547	inf	42.38	42650792964:33520066669:45134323409:31059828719	0.00
ERS3567199	7173794	47113291146	6567.42	9739	50	93375	inf	41.82	13284847999:10282114579:14127976186:9418352382	0.00
ERS14578083	
SRS10850813	3926078	76371021097	19452.24	31229	50	240517	inf	42.40	21284037153:17067509623:22706059622:15313414699	0.00
ERS13477520	
ERS16769143	
ERS16283450	
SRS464260	6665983	77026547904	11555.17	16749	1	84250	inf	41.27	23258475230:16004885482:21977478548:15785708644	93.00
ERS8946093	
SRS18703886	15477523	301139579697	19456.57	32606	50	173058	inf	44.80	85829082452:71200616823:80391938867:63717941555	0.00
ERS10820738	
SRS18391974	5285233	83416748879	15782.98	27072	50	95131	inf	43.37	22775871685:19019945890:24462007200:17158924104	0.00
SRS22136710	9582503	200493411652	20922.86	22447	56	50956	inf	42.52	57642543598:42760705070:57597519020:42492643964	78.36
ERS7404248	
ERS14578084	
SRS18782496	
SRS22258962	9969683	184308425923	18486.89	19745	92	51161	inf	41.67	53533451342:38547510585:53967480116:38259983880	77.96
SRS18688442	5470078	90195963558	16488.97	26627	50	129097	inf	43.18	24781972178:19963305688:26463029126:18987656566	0.00
SRS18685773	8266766	88842468859	10746.94	18975	50	123592	inf	44.83	23657925423:21184017420:25355012351:18645513665	0.00
ERS13477514	
SRS18387290	10587029	160489380686	15159.06	26431	50	129432	inf	44.40	43388114717:37249903909:45845531607:34005830453	0.00
SRS22162650	14916056	148133648668	9931.15	11815	55	68982	inf	43.33	41892378220:31883203110:42054528810:32303538528	38.67
SRS18698984	10729269	208666714078	19448.36	34996	50	170463	inf	39.51	63189944218:42757036114:63024427778:39695305968	0.00
SRS18701668	54168667	782082165337	14437.91	16982	49	563570	inf	45.39	208761748534:169579464880:218342605188:185398346735	16.17
ERS11701277	
ERS3567209	7077310	74376526392	10509.15	18833	50	92345	inf	44.63	20126151032:17082143373:21058675608:16109556379	0.00
ERS2227384	36179855	361149307025	9982.06	15597	50	286104	inf	40.80	109589841825:72582647263:104227598329:74749219608	0.00
SRS22726405	
SRS22255942	23296267	361290298047	15508.51	17760	50	567324	inf	44.87	94442717194:68443585946:104723099115:93680895792	44.46
SRS18688459	9076247	140834351812	15516.80	22480	50	257034	inf	42.61	41199330163:31366678100:39619652243:28648691306	0.00
SRS22136032	10024088	147027262680	14667.40	14890	67	49778	inf	41.27	43169992157:30360692517:43184897435:30311680571	83.04
SRS18673187	59623516	777857917853	13046.16	15746	44	509012	inf	41.30	232071179490:164588750549:224562064246:156635923568	4.64
SRS22289212	7985572	124945642994	15646.42	15812	116	49592	inf	42.38	36008622832:26523165705:35979149953:26434704504	81.91
ERS8946097	
SRS917918	12993511	156222246988	12023.10	20432	50	95358	inf	45.52	41620189366:36931816731:43487722057:34182518834	0.00
ERS10464173	
SRS18688466	46796055	685675975192	14652.43	17295	45	691718	inf	42.90	199365933057:149433404220:192181407993:144695229922	8.51
SRS20951933	30800420	530417123628	17221.10	17857	77	51779	inf	43.69	149113966126:116759582916:149580913603:114962660983	79.25
SRS21326203	46855843	872045089472	18611.23	19575	94	549700	inf	44.91	240471390441:199128457581:239955868981:192489372469	58.64
SRS18708107	9447801	122316025476	12946.51	13107	85	51975	inf	40.99	36091038172:25079430415:36092747171:25052809718	81.34
SRS18698473	4568351	56191617756	12300.20	20868	50	150433	inf	43.14	15566439375:12618394872:16386250309:11620533200	0.00
SRS22396567	8985832	103366976946	11503.33	12702	43	60315	inf	41.79	30074288929:21658469232:30091641569:21542577216	82.97
SRS18706055	9654565	126771951839	13130.78	21755	50	92851	inf	44.69	33741898194:29750439945:36370810998:26908802702	0.00
ERS16474791	
SRS22167509	6335943	132071099893	20844.74	20947	163	50708	inf	42.39	38047040798:28017886394:38042180972:27963991729	78.48
SRS22162627	17661324	248478704060	14069.09	14289	70	54980	inf	42.03	72000957804:52107615378:72032214380:52337916498	38.16
SRS18707945	90077208	1158346442303	12859.48	17538	43	581633	inf	41.43	345876206476:254496551116:332511493057:225462191654	9.31
SRS22448717	43553986	838564576950	19253.45	21687	50	621591	inf	42.97	231564454656:162723266951:246630998644:197645856699	51.32
ERS3567211	11542094	157396531495	13636.74	23563	50	95636	inf	43.11	43231869675:35617135231:46314129424:32233397165	0.00
SRS18706230	14011360	179585099229	12817.11	22017	50	168044	inf	43.23	49470967406:42017176683:52480826060:35616129080	0.00
SRS22398101	31080510	521736034977	16786.60	18902	50	595282	inf	44.24	140017900483:104106953872:150904119661:126707060961	45.06
ERS11871578	
ERS2227367	3106418	22420836159	7217.59	11189	50	119314	inf	42.35	6686493613:4639472557:6238314538:4856555451	0.00
ERS10422449	
SRS18698840	4225768	61937623854	14657.13	23817	50	144346	inf	41.01	17843352217:13423098828:18692637472:11978535337	0.00
ERS3615885	23244209	252477380273	10861.95	20573	50	120067	inf	45.03	67814512854:58845962303:70960216244:54856688872	0.00
SRS22092194	20822050	356730730138	17132.35	18998	50	495895	inf	44.91	92568091134:66341661532:103954921127:93866056345	40.11
SRS21073825	19822222	255305085752	12879.74	15262	114	48777	inf	41.87	74177680338:53487795888:74221522276:53418087250	82.18
ERS14362110	
SRS18703510	11081183	193170933667	17432.34	27482	50	150551	inf	42.33	53960727840:42824714309:57448448197:38937043321	0.00
ERS10422389	
ERS6428378	
ERS10521306	
ERS14578173	
SRS18698475	6772066	70770974452	10450.43	18399	50	116365	inf	42.68	19557556326:16000754843:21005566006:14207097277	0.00
ERS6428379	
ERS10422398	
ERS14691552	
SRS18698971	27693333	333803812179	12053.58	12746	50	384681	inf	42.24	94794119303:60229053841:98019990313:80760648722	4.44
SRS21011562	4902811	61186577184	12479.90	14870	89	49849	inf	41.89	17779191349:12824591031:17777479379:12805315425	79.80
SRS18698677	5634005	69519524330	12339.27	18706	50	120038	inf	40.75	20057548941:14659130440:21130147499:13672697450	0.00
SRS6121272	21047505	325832024029	15480.79	23695	50	135459	inf	41.24	92889435690:69290510868:98573688600:65078388871	0.00
SRS18671885	5440268	76638489026	14087.26	23983	50	104990	inf	44.63	20588424299:17780257235:21847265049:16422542443	0.00
SRS18698910	66448166	588693865741	8859.44	15165	50	273454	inf	45.42	164789151862:145356046960:156502277701:122046389218	0.00
ERS18334572	
ERS9756853	
ERS18334579	
ERS16199538	
SRS16702801	33535505	444985516899	13269.09	14962	46	542821	inf	44.70	120176727325:93577938090:125878220858:105352630626	21.41
ERS18334577	
SRS22400393	12164618	193047891262	15869.62	18594	50	459394	inf	48.36	44302182750:30975345567:55386136357:62384226588	49.80
ERS8946104	
ERS14826389	
SRS18782494	
SRS22099175	28621318	420749997490	14700.58	16369	85	50502	inf	41.75	122512024201:87938483305:122581312436:87718177548	81.92
SRS20636215	17101796	260977748850	15260.25	15599	99	49974	inf	40.32	77854748886:52634451590:77892511618:52596036756	81.32
SRS6645959	12910187	122555905366	9492.96	17211	50	174104	inf	40.60	35429664924:25866583630:37374651486:23885005326	0.00
ERS13672028	
ERS8946100	
SRS18698731	6276015	59908704604	9545.66	15306	50	138098	inf	42.18	16881470442:13116784523:17759311001:12151138638	0.00
ERS12548262	
ERS12548136	
ERS3549782	34455484	335423652135	9734.99	18546	50	107614	inf	48.22	84829248783:83976409187:88857207388:77760786777	0.00
SRS23022192	11959358	80659442932	6744.46	7243	59	48086	inf	40.78	23896172724:16392189230:23871943944:16499137034	38.36
ERS12564850	
ERS13672029	
SRS18622706	11977900	99581080746	8313.73	12978	1	76105	inf	42.10	28776686492:20911590609:28877276332:21015527313	93.00
SRS18623166	5908940	72311811789	12237.70	20863	50	119473	inf	44.33	19745711710:16409576520:20510942875:15645580684	0.00
SRS20361228	3730872	86435830592	23167.73	34460	50	136750	inf	43.30	23615066369:19286401743:25398106098:18136256382	0.00
ERS3500634	2719478	31829061367	11704.11	21183	50	84176	inf	45.88	8504348799:7437967327:8721150568:7165594673	0.00
ERS14578176	
ERS6339300	
ERS6339298	
SRS18698973	36888577	519675495393	14087.71	15274	45	597365	inf	42.51	149006258941:104435998335:149770411820:116462826297	9.54
ERS5280872	
SRS19335847	18488433	183168581805	9907.20	10882	91	50432	inf	40.31	54665726069:36948590364:54658622252:36895643120	84.68
SRS6502248	17207120	181969698758	10575.26	19903	50	111385	inf	42.49	51311267339:41983879350:53346133674:35328418395	0.00
SRS18388105	67959251	1012163441032	14893.68	17732	43	574617	inf	41.69	298787416992:213325992679:291400811407:208649219954	11.57
SRS18702569	11611152	253580896995	21839.43	34203	50	163534	inf	41.27	76719069365:54981039872:72207651528:49673136230	0.00
ERS8946095	
SRS18388114	4859710	68794085682	14156.01	24007	50	95701	inf	43.74	18876439319:15630054163:19826033073:14461559127	0.00
ERS2580766	12457702	126923070442	10188.32	17149	50	117610	inf	43.77	36624687785:27136306040:34745780055:28416296562	0.00
SRS18388510	6206637	77488544427	12484.79	21387	50	152915	inf	44.63	20730142533:18408502777:22171518816:16178380301	0.00
SRS18688465	31581279	264968657886	8390.05	17683	50	157888	inf	45.16	69914373069:62973547859:75383575849:56697161109	0.00
ERS12235502	
SRS18670860	6010197	58932624899	9805.44	17588	50	143839	inf	39.93	17263442296:12236914012:18138772408:11293496183	0.00
ERS14578085	
ERS15393982	
SRS18671806	3517123	69563511935	19778.53	32999	50	126650	inf	43.33	19005525116:15613293943:20414136465:14530556411	0.00
SRS22178101	11483923	201785891787	17571.16	18665	68	51068	inf	40.92	59598909764:41319445527:59623220578:41244315918	78.27
ERS14578089	
SRS22136747	11398292	230156180996	20192.16	22415	117	52226	inf	43.14	65461379155:49732290747:65413781516:49548729578	76.82
SRS18391197	5465797	114028579272	20862.21	36607	50	371762	inf	42.12	34661698037:26442499524:31332561987:21591819724	0.00
ERS2760315	6739402	73948764986	10972.60	19026	50	164527	inf	42.80	20481251486:16397067576:21815065345:15255380579	0.00
ERS12235503	
SRS21073965	11343278	190321742732	16778.37	17107	213	49678	inf	41.57	55599624462:39592091900:55597801740:39532224630	80.33
SRS21074085	16191546	245132230918	15139.52	15462	91	49147	inf	41.88	71243108800:51372442898:71232758168:51283921052	80.93
ERS1794329	
SRS6014674	18678201	158480762801	8484.80	13464	50	198928	inf	43.14	45502442155:33955955942:44617122766:34405241938	0.00
SRS18391120	3787094	86195690850	22760.38	35651	50	136116	inf	42.99	23728915264:19044943127:25410891250:18010941209	0.00
ERS8946099	
ERS10938445	
ERS3147220	2502625	28964645807	11573.71	19528	50	117842	inf	45.39	7667123971:6762890627:8150431561:6384199648	0.00
ERS14789746	
ERS6428385	3626416	29665558214	8180.41	10242	51	45261	inf	45.73	8042023918:6818968207:8057882210:6746683879	81.96
ERS13672032	
ERS14578172	
SRS20361216	7220781	86682517683	12004.59	21526	50	105965	inf	44.95	23151413675:20302015598:24563959364:18665129046	0.00
ERS5278115	
SRS18699572	16076130	218803338337	13610.45	23182	50	102627	inf	42.43	60757887462:49222417798:65203418244:43619614833	0.00
SRS20912660	10543824	170310498670	16152.63	16562	109	58816	inf	42.12	49134366822:35754516566:49438070602:35983544680	38.46
SRS22165637	14415012	257888985872	17890.31	18411	107	51036	inf	41.35	75627954923:53329874012:75629717767:53301439170	79.23
SRS22397789	20182422	302303161144	14978.54	16400	50	602519	inf	44.31	83850444476:64436097494:84494739439:69521879735	48.24
ERS5289203	
ERS5280870	
SRS20361217	5497915	76537337689	13921.16	23912	50	96091	inf	43.73	21080394244:17261755523:21986591739:16208596183	0.00
SRS18688503	4605080	90479961449	19647.86	29834	50	130757	inf	43.33	24729842211:20132697075:26540797260:19076624903	0.00
ERS5279997	
ERS15896839	
SRS22095216	8665999	131666568643	15193.47	15436	79	50602	inf	42.77	37670438371:28168461080:37676388501:28151280691	81.36
ERS3799934	33272172	326351438903	9808.54	10936	50	316721	inf	40.41	99323339252:68940686631:95138726731:62948686289	0.00
ERS13671883	
SRS18701202	6428429	146222710162	22746.26	37719	50	128012	inf	43.69	39699523040:32847261785:42645701839:31030223498	0.00
ERS14578087	
SRS18392123	5921569	86462485475	14601.28	23157	50	259031	inf	42.29	25333322418:19059036980:24567487980:17502638097	0.00
ERS13638642	
ERS5292925	
SRS18690682	54859221	830203083361	15133.34	20155	44	582759	inf	44.75	230294233447:183215101152:228356639780:188337108982	6.42
SRS18688724	4105178	77380345774	18849.45	28960	50	132026	inf	43.73	21008159141:17385912135:22535965973:16450308525	0.00
SRS18387422	3211988	56089223137	17462.46	27629	50	120412	inf	42.92	15500104236:12265301745:16514765012:11809052144	0.00
ERS14789913	
SRS22256921	25786937	477147376241	18503.45	20569	100	777031	inf	41.76	138320860382:98150110487:139579717677:101096687695	29.47
SRS18782495	
SRS22097845	12968805	147394512227	11365.31	12643	72	50655	inf	38.75	45131964826:28577690417:45147768408:28537088576	84.44
ERS4820593	
ERS4820592	
ERS11691402	
ERS3203796	2862940	36529287508	12759.36	22821	50	155577	inf	42.62	10145402673:8037786946:10813801732:7532296157	0.00
SRS18700101	12532831	159303496443	12710.89	21746	50	102465	inf	44.93	43047723149:36998411038:44677519683:34579842573	0.00
SRS18702625	129716077	1680720540065	12956.92	14113	45	684429	inf	41.46	497218370774:353952467880:486749723962:342799977449	8.91
SRS18703581	26436949	493004807828	18648.32	26166	50	292450	inf	41.00	146935625424:97021355310:143935316169:105112510925	0.00
SRS18387424	4571681	87141271567	19061.10	29229	50	132753	inf	44.92	23135927971:20090395331:24859279733:19055668532	0.00
ERS3513902	3734329	45199322215	12103.73	21950	50	87561	inf	42.83	12539631460:10062330595:13302721433:9294638727	0.00
ERS14766508	
ERS6428380	3052607	24601379787	8059.14	10035	51	40992	inf	43.55	6943153466:5369990391:6945236450:5342999480	82.05
SRS18690681	105554694	1455043831114	13784.74	16748	45	541377	inf	42.92	415624011776:312342947821:414964543494:312112328023	27.27
SRS22449081	25277090	379554434926	15015.75	15409	72	50309	inf	44.58	105151389442:84761561242:105181987703:84459496539	80.86
SRS12977579	5443717	82346644189	15126.91	15308	44	41811	inf	43.50	23261033197:17924675657:23262852240:17898083095	76.91
SRS22286734	9557096	170975355122	17889.89	19005	145	67708	inf	42.97	48703495110:36453547540:48804044096:37014268376	37.59
SRS18700170	17670102	332781242101	18833.01	27598	50	267504	inf	40.73	100675373875:70070829395:96575188389:65459850442	0.00
ERS10810191	
SRS18688464	6057072	73049588261	12060.21	20323	50	121594	inf	42.28	20570992315:15677037834:21596521252:15205036860	0.00
ERS13672015	
SRS22165628	24763797	403879065669	16309.25	18270	85	724996	inf	41.79	116188840056:81612305892:118923213637:87154706084	29.70
SRS18691430	61480707	799531864586	13004.60	17795	44	544404	inf	42.96	231666215619:177236051515:224415702360:166213895092	7.17
ERS11950088	
SRS18689089	6554043	62006791037	9460.85	12608	50	89350	inf	44.73	17075039927:14197919121:17197930261:13535901728	0.00
ERS7092822	
ERS3734118	2661693	45561863347	17117.63	29351	50	128722	inf	45.32	12027552161:10644217360:12884576154:10005517672	0.00
ERS15394107	
SRS22402101	39615539	725744293561	18319.69	20971	50	763012	inf	42.82	204611078721:150168619728:210373731989:160590863123	29.96
SRS18691296	86850888	880337846916	10136.20	17650	41	551211	inf	42.83	256650890874:194313121935:246671534919:182702299188	6.65
ERS3647988	19560779	273016214319	13957.33	27362	50	209914	inf	42.58	80252615652:60556888233:76523215439:55683494995	0.00
ERS13477518	
SRS21325765	9328638	154178899144	16527.48	16805	122	49589	inf	41.79	44871611696:32220865180:44880530028:32205892240	82.26
ERS11454671	
SRS18703246	10181569	164940775007	16199.94	24373	50	124065	inf	45.13	43833746072:38347551512:46671801851:36087675572	0.00
ERS2227386	5008756	56823674303	11344.87	19089	50	125324	inf	39.99	17186288825:11272767438:16911996646:11452621394	0.00
SRS18688455	13965802	232763489069	16666.68	23756	50	315607	inf	43.02	68178579012:51691807111:64450125490:48442977456	0.00
ERS15393986	
ERS10422451	
ERS10422392	
SRS18617237	4472589	49858462643	11147.56	12200	85	50778	inf	42.61	14310443342:10633804780:14301646172:10612568349	80.75
SRS18706220	39224929	710713417677	18118.92	29632	50	178134	inf	43.18	207775891615:162737059996:196086099241:144114366825	0.00
SRS8103732	5016543	67193758961	13394.43	23480	50	161125	inf	43.56	18392947752:15175607089:19531264861:14093939259	0.00
SRS18706044	21774495	298370779449	13702.76	19756	50	130629	inf	40.71	86035277834:62137424929:90858781919:59339294767	16.90
SRS22398861	23202278	294524007812	12693.75	13711	52	611574	inf	42.32	84200987579:61489817180:85688769238:63144433815	21.07
SRS19335842	
SRS22255629	51776300	839390924879	16211.88	18438	49	561606	inf	47.03	209766071926:169299881859:234844342998:225480628096	39.93
ERS8490356	
ERS11454938	
SRS18705814	66905983	1352037077646	20208.01	32532	50	288772	inf	42.62	393950152744:283881921574:381815037326:292389966002	0.00
ERS13672014	
ERS13672011	
ERS13477517	
SRS12953177	13651972	251026721345	18387.58	21424	43	542713	inf	41.94	73197496955:53734068440:72556180912:51538975038	40.82
ERS13638645	
ERS14578088	
ERS16192013	
SRS22034062	7274852	119200871406	16385.33	16770	58	62597	inf	40.00	35704691214:23782420242:35815237558:23898522392	37.04
SRS22269748	17797333	262691066384	14760.14	14960	87	50515	inf	42.65	75294995034:56136371421:75359016966:55900682963	80.99
SRS22449080	12399677	202062955645	16295.82	16879	152	50496	inf	42.81	57792580157:43287710001:57770786528:43211878959	79.67
SRS22448716	19578504	341552141338	17445.26	19231	50	558679	inf	43.60	91334768470:63094475713:101287410912:85835486243	47.35
ERS14766519	
ERS5279322	
SRS22449079	14230691	247630008603	17401.12	17993	97	50705	inf	43.46	69994896341:53854487087:70013525868:53767099307	80.43
SRS18688280	4119869	75354296130	18290.46	28311	50	129530	inf	42.39	20968323035:16471626796:22439703784:15474642515	0.00
SRS22403630	5644187	132638965248	23500.10	24358	137	51248	inf	44.04	37114696950:29228629778:37114277342:29181361178	77.66
SRS18687383	4766744	78035083446	16370.73	26568	50	98737	inf	43.98	21071490802:17991959601:22646827723:16324805320	0.00
ERS14275043	
SRS18782499	
ERS9816453	
ERS13551588	
ERS14578091	
ERS16287865	
SRS21630863	16043314	304877122826	19003.38	19822	94	50621	inf	42.42	87769661569:64711416518:87765488972:64630555767	79.06
ERS15963623	
SRS6620782	12015067	135344686386	11264.58	22231	50	101009	inf	43.12	37311464512:30558294835:39672157827:27802769212	0.00
SRS21532263	21563256	255635523388	11855.14	15087	107	50496	inf	42.13	73945702820:53894470548:73982172596:53813177424	81.73
SRS16576957	
SRS22260196	10306746	155600533512	15096.96	15490	97	50872	inf	42.46	44769719354:33079223894:44756932700:32994657564	81.46
ERS12788531	
ERS12279460	
SRS22342674	16795254	287362023661	17109.72	17618	63	50934	inf	41.77	83680066996:60046998077:83663422762:59971535826	79.76
ERS16287863	
ERS7599811	
SRS6571162	22970012	182508877084	7945.53	13593	50	150602	inf	44.65	51983985642:40032622457:49030577007:41461691978	0.00
ERS16237808	
ERS16977523	
ERS3701071	3814452	49503460275	12977.87	24827	50	96382	inf	43.06	13547181991:11217559146:14640857094:10097862044	0.00
ERS10395566	
SRS21399688	17549071	376698714869	21465.45	21992	105	51741	inf	42.85	106857003216:82137471719:108428835579:79275404355	77.65
ERS14578175	
ERS16237809	
SRS22399813	37834475	542328487197	14334.24	17233	47	555629	inf	46.77	135994533454:107503348271:152681224396:146149381076	46.45
ERS1793707	
SRS22270863	9262438	174479547686	18837.32	18946	148	50621	inf	44.77	48200113107:39114602152:48158608104:39006224323	79.51
SRS2980060	16748883	196273430934	11718.60	19732	1	84810	inf	45.59	53397380310:43299975015:53391389662:46184685947	36.13
ERS14578086	
ERS12067605	
SRS22162649	18302845	286971469213	15679.06	21183	49	588364	inf	48.37	70303836892:63114404439:77851611637:75701616245	27.95
ERS3116761	5054926	54976781105	10875.88	20002	50	90634	inf	43.87	15024876006:12638819400:15831724687:11481361012	0.00
SRS22419235	17489244	271010483770	15495.84	21510	49	664682	inf	48.82	65712065805:59284290896:72993888729:73020238340	43.20
SRS22271563	11115863	243158558392	21874.92	23332	131	51021	inf	42.70	69713831479:52108434918:69606643356:51729648639	77.53
SRS18698474	4673640	93732933403	20055.66	31027	50	138152	inf	50.29	22432422646:24486244034:24166602952:22647663771	0.00
SRS11194276	4098991	118241437917	28846.47	44219	50	239322	inf	40.71	36041319662:24728353220:34069021686:23402743349	0.00
ERS7737816	
ERS5915261	
ERS13477516	
ERS5279316	
ERS8946098	
SRS18701225	
SRS6618859	17058134	143855268602	8433.24	14069	50	150400	inf	43.90	41289468316:31138558247:39416669879:32010572160	0.00
ERS3567200	11873008	124542064763	10489.51	18614	50	91868	inf	43.07	34439007572:28213257263:36456640084:25433159844	0.00
ERS7599812	
ERS12067606	
ERS12158242	
ERS11453913	
SRS18688324	5847528	98212586167	16795.57	25854	50	260653	inf	44.23	28138691150:23625179242:26634646180:19814069595	0.00
ERS18334574	
ERS18334578	
SRS18706227	8254563	165405819755	20038.11	32410	50	314199	inf	44.93	46617360669:38997845744:44471177471:35319435871	0.00
SRS18622764	69528176	864045410303	12427.27	15891	43	488217	inf	43.19	249463234420:190165009419:241380423399:183036743065	8.08
SRS18707617	11129536	173334685333	15574.30	24216	50	149104	inf	42.75	48011203348:38887810792:51220459094:35215212099	0.00
ERS10422391	
ERS10422397	
SRS22092787	36017149	616349203605	17112.66	19290	49	543808	inf	44.43	163887955312:120710127420:178612622663:153138498210	50.08
ERS9968507	
SRS20621690	5463606	75593497157	13835.83	23204	50	92036	inf	44.80	20101058970:17753739298:21623924182:16114774707	0.00
SRS18698838	6352137	93236064231	14677.91	22829	50	126978	inf	40.88	26698745412:19451604260:28422474105:18663240454	0.00
ERS12548135	
ERS5278114	
ERS5917499	12187928	264703430059	21718.49	37329	50	150022	inf	41.34	80173213799:57508877740:75095646840:51925691680	0.00
ERS2699787	23233475	233294864615	10041.32	17849	50	146515	inf	44.94	63004247670:53895231944:65442368876:50953016125	0.00
SRS19335845	31943593	495840270657	15522.37	16597	70	632494	inf	42.54	141580757344:103753446391:143340263208:107165803714	31.26
SRS6649054	15693102	152314969124	9705.85	17103	50	161157	inf	42.46	44051791294:32264156869:43584838503:32414182458	0.00
ERS15963687	
ERS8946102	
SRS20814929	29067816	381929010507	13139.24	18256	50	284630	inf	42.82	107897973939:79882948465:110489471707:83658616396	0.00
SRS20796967	26124164	407649780292	15604.32	22798	50	258558	inf	43.49	117007326118:85997940484:113373498004:91271015686	0.00
ERS3701070	8010177	65323603844	8155.08	24216	50	97735	inf	45.53	17107545737:15649413964:18475090156:14091553987	0.00
SRS21917518	24597747	429782662683	17472.44	19482	99	538782	inf	41.78	122862834382:85512652614:127337035705:94070139982	18.15
ERS3378290	68800026	663490196545	9643.75	10833	50	315470	inf	42.62	194528622220:147348768148:186160524910:135452281267	0.00
SRS22127337	12880978	161650390700	12549.54	14415	84	59568	inf	43.63	45548297030:35096210006:45579344942:35426538722	37.91
SRS4362283	6813697	67673345900	9931.96	18242	50	104599	inf	41.22	19401649101:14125790519:20377436494:13768469786	0.00
ERS3514420	3432965	57083700400	16628.10	29660	50	94589	inf	45.33	15039122885:13567274687:16170136411:12307166417	0.00
ERS10201766	
SRS18707622	28107127	329949404370	11738.99	14191	10	553401	inf	44.60	90060176108:72530916374:92725715590:74632596298	58.94
ERS2227382	6439977	47164942135	7323.77	11488	50	192464	inf	43.44	12975613751:10846128125:13702771413:9640428846	0.00
ERS7987503	
ERS8946106	
ERS13477519	
SRS20361218	6026558	94627394336	15701.73	26925	50	134761	inf	44.17	25493849945:21526824134:27332725492:20273994765	0.00
ERS15394111	
ERS3171745	4905062	61496462454	12537.35	21839	50	114156	inf	41.36	17467636117:13177481016:18590990843:12260354478	0.00
SRS22332403	10790268	184127169833	17064.19	17064	323	50361	inf	42.15	53226871256:38915518216:53295300086:38689480275	82.67
SRS22089914	15940796	239735827002	15039.14	15433	117	67054	inf	43.38	67640450338:51102478260:68103518384:52889380020	37.21
SRS18706229	27515008	427860676049	15550.08	22094	50	247853	inf	39.92	131826877382:90137153022:125219636961:80677008684	0.00
ERS3583638	2176065	28989231293	13321.86	24500	50	101457	inf	45.10	7740679141:6810819248:8174398770:6263334134	0.00
ERS11455049	
SRS1954332	6879841	65430439303	9510.46	16522	1	74939	inf	41.33	19364846699:13355723398:19022416405:13687452801	93.00
SRS18699827	50564728	607758590058	12019.42	16306	12	623853	inf	44.76	165863892634:126054053220:169840216947:146000427257	13.14
SRS22259025	16131655	264319590454	16385.15	16938	115	51004	inf	40.64	78471588749:53730551872:78430591385:53686858448	80.70
SRS18622707	4785787	77074282648	16104.83	28219	50	92272	inf	43.80	20899890015:17708521915:22416739300:16049131418	0.00
ERS5279471	
SRS18705600	7222195	103753761662	14365.96	23184	50	275737	inf	41.87	31142677260:23025772229:29171719136:20413593037	0.00
ERS6277265	
ERS7378263	
ERS3583622	14988353	133769801827	8924.92	15990	50	102621	inf	43.17	37113994936:29760681767:38906610347:27988514777	0.00
SRS18703584	8294540	118046975258	14231.89	24804	50	95527	inf	42.36	32797292786:26344584134:35239503931:23665594407	0.00
SRS18625225	6899207	159785576906	23159.99	36246	50	284292	inf	42.85	46739038469:34987566707:44578319985:33480651745	0.00
SRS22331154	25137901	409763185679	16300.61	16694	85	50285	inf	40.61	121731445460:83744472144:121628141499:82659126576	80.34
SRS19335846	7314269	156258756879	21363.55	21329	114	50849	inf	44.44	43412496340:34735428284:43408793285:34702038970	78.94
ERS14578178	
SRS18622751	6388331	108265140915	16947.33	25329	50	284177	inf	42.32	32112099595:23736108806:30339769417:22077163097	0.00
ERS14358292	
SRS5172551	4682106	59943271339	12802.63	21147	1	150344	inf	42.75	16867810054:13127783742:17450218484:12497459059	14.57
ERS10439183	
ERS15393989	
SRS18698839	6401339	63011611519	9843.50	18211	50	132345	inf	42.47	17705945914:13870275508:18543595956:12891794141	0.00
SRS22177699	19912765	321571247138	16149.00	16476	92	49979	inf	39.12	97889630841:62923003828:97883623520:62874988949	80.75
ERS13672012	
ERS13638643	
