gca....plot_mat.V1	perc....plot_mat.V2	Project....plot_mat.Project
GCA_029783895.1	95.77	Other
GCA_041430785.1	98.91	Other
GCA_024868665.2	92.31	Other
GCA_049739055.1	95.15	Other
GCA_048296945.1	100	Other
GCA_033220385.1	93.12	Other
GCA_049638825.1	98.95	Other
GCA_964274065.2	95.27	Other
GCA_050613475.1	89.3	Other
GCA_040894045.1	96.87	Other
GCA_963556495.2	100	Other
GCA_037504845.1	99.49	Other
GCA_024500275.1	93.22	Other
GCA_024500385.1	96.1	Other
GCA_019802525.1	99.08	Other
GCA_019802545.1	95.29	Other
GCA_040208305.1	95.38	Other
GCA_040144785.1	99.98	Other
GCA_040256225.1	99.85	Other
GCA_047651785.1	94.02	Other
GCA_047305485.1	100	Other
GCA_026929865.2	97.15	Other
GCA_021917145.1	79.8	Other
GCA_021870715.1	70.45	Other
GCA_037950675.1	99.33	Other
GCA_022817975.1	53.56	Other
GCA_041475455.1	91.69	Other
GCA_046563665.1	89.42	Other
GCA_037950665.1	99.79	Other
GCA_019925145.1	99.87	Other
GCA_050306515.1	99.57	Other
GCA_050306495.1	99.96	Other
GCA_050306535.1	100	Other
GCA_041146585.1	99.82	Other
GCA_023375685.2	98.75	Other
GCA_023701845.2	95.36	Other
GCA_001660625.3	96.58	Other
GCA_004006655.3	78.49	Other
GCA_048126385.1	100	Other
GCA_043882065.1	98.84	Other
GCA_022702515.1	96.67	Other
GCA_022702525.1	97.39	Other
GCA_022702415.1	97.39	Other
GCA_033807715.1	96.94	Other
GCA_029692045.1	96.84	Other
GCA_047653785.1	97.49	Other
GCA_039881085.1	96.93	Other
GCA_020615455.1	72.55	Other
GCA_018398675.1	82.65	Other
GCA_902810595.1	100	Other
GCA_036851935.1	96.22	Other
GCA_031479575.1	95.45	Other
GCA_039654105.1	97.89	Other
GCA_048487635.1	80.09	Other
GCA_965229965.1	99.51	Other
GCA_030265065.1	95.75	Other
GCA_026119655.1	91.19	Other
GCA_019925165.1	96.59	Other
GCA_040802145.1	97.94	Other
GCA_946959425.1	92.84	Other
GCA_965260895.1	91.57	Other
GCA_023376895.1	76.32	Other
GCA_023375835.1	94.4	Other
GCA_023375845.1	92.55	Other
GCA_965295175.1	98.23	Other
GCA_043380575.1	98.26	Other
GCA_012411365.1	98.52	Other
GCA_017591415.1	99.14	Other
GCA_026122265.1	96.74	Other
GCA_013435755.1	81.31	Other
GCA_027123335.1	99.67	Other
GCA_022539595.1	99.21	Other
GCA_003047355.2	97.93	Other
GCA_964187705.1	99.88	Other
GCA_018320845.1	97.74	Other
GCA_039654925.2	99.76	Other
GCA_037790555.1	99.2	Other
GCA_050084885.1	97.74	Other
GCA_018555375.3	98.28	Other
GCA_046127435.1	100	Other
GCA_027596085.2	95.03	Other
GCA_040054535.1	99.35	Other
GCA_964269795.2	99.09	Other
GCA_040893165.1	98.97	Other
GCA_048569185.1	92.19	Other
GCA_965542115.1	96.28	Other
GCA_964211915.2	99.84	Other
GCA_007844225.2	93.78	Other
GCA_047496915.1	94.41	Other
GCA_964260595.1	96.78	Other
GCA_021347895.1	99.78	Other
GCA_013436515.1	90.83	Other
GCA_020080195.1	94.88	Other
GCA_034509495.1	88.9	Other
GCA_030684275.1	89.19	Other
GCA_010645085.2	90.5	Other
GCA_036784905.1	96.15	Other
GCA_039880705.1	98.36	Other
GCA_029620275.1	88.03	Other
GCA_022829145.1	99.35	Other
GCA_964188515.1	98.99	Other
GCA_024542945.1	91.72	Other
GCA_017589495.2	97.79	Other
GCA_019202745.1	97.52	Other
GCA_019097595.1	97.7	Other
GCA_045786985.1	92.62	Other
GCA_043790635.1	94.69	Other
GCA_965263715.1	97.42	Other
GCA_043880055.1	99.38	Other
GCA_025434085.3	95.37	Other
GCA_026261805.1	95.84	Other
GCA_022539355.2	99.79	Other
GCA_026213295.1	97.19	Other
GCA_031168955.1	100	Other
GCA_010882105.1	94.03	Other
GCA_964260575.1	95.53	Other
GCA_019740435.1	99.89	Other
GCA_965282415.1	97.93	Other
GCA_049309525.1	93.57	Other
GCA_046562415.1	100	Other
GCA_016920845.1	95.85	Other
GCA_965278345.1	96.02	Other
GCA_027564155.1	98.87	Other
GCA_029692085.1	98.93	Other
GCA_029721435.1	97.87	Other
GCA_051167395.1	92.29	Other
GCA_023856365.1	72.67	Other
GCA_965364685.1	95.92	Other
GCA_003368295.1	69.97	Other
GCA_014332655.1	95.08	Other
GCA_019720715.2	96.98	Other
GCA_047456465.1	98.57	Other
GCA_049309305.1	97.3	Other
GCA_023724105.1	100	Other
GCA_019843895.2	94.49	Other
GCA_043790415.1	96.21	Other
GCA_030273125.1	99.47	Other
GCA_043388385.1	100	Other
GCA_035609425.1	99.02	Other
GCA_041684075.1	96.53	Other
GCA_026686955.1	99.7	Other
GCA_047716675.1	92.04	Other
GCA_017165655.1	99.9	Other
GCA_050947925.1	97.4	Other
GCA_006386435.1	98.52	Other
GCA_041411175.1	99.42	Other
GCA_046464035.1	99.69	Other
GCA_021130775.1	93.62	Other
GCA_004634155.1	97.67	Other
GCA_029931835.1	93.46	Other
GCA_026937815.1	92.44	Other
GCA_041004005.1	98.04	Other
GCA_029490765.1	98.04	Other
GCA_046529025.1	99.35	Other
GCA_023974075.1	75.35	Other
GCA_051107495.1	98.64	Other
GCA_036324585.1	97.72	Other
GCA_036324595.1	98.44	Other
GCA_033026475.1	91.84	Other
GCA_004786185.1	95.87	Other
GCA_027943205.2	91.57	Other
GCA_041222515.1	94.5	Other
GCA_040939885.1	99.18	Other
GCA_041146785.1	98.18	Other
GCA_033026295.1	95.72	Other
GCA_034621705.1	98.03	Other
GCA_030522415.1	99.24	Other
GCA_024489055.1	99.49	Other
GCA_037577475.1	96.11	Other
GCA_050084645.1	98.56	Other
GCA_018320785.1	99.71	Other
GCA_049815525.1	100	Other
GCA_050575295.1	100	Other
GCA_029853015.1	98.4	Other
GCA_037975115.1	94.6	Other
GCA_048932625.1	99.2	Other
GCA_040805835.1	97.75	Other
GCA_040805855.1	97.88	Other
GCA_036326025.1	86.72	Other
GCA_033026305.1	99.82	Other
GCA_040955965.1	98.91	Other
GCA_036247105.2	90.83	Other
GCA_041682065.1	97.11	Other
GCA_046453815.1	99.6	Other
GCA_030347435.1	98.87	Other
GCA_024256425.2	99	Other
GCA_048129225.1	100	Other
GCA_048129245.1	100	Other
GCA_048544425.1	100	Other
GCA_900700415.2	92.29	Other
GCA_040183275.2	94.53	Other
GCA_042479465.1	94.81	Other
GCA_050626335.1	94.84	Other
GCA_027475355.1	99.64	Other
GCA_963678695.2	98.77	Other
GCA_041504395.1	95.86	Other
GCA_031216635.1	95.14	Other
GCA_046865685.1	93.23	Other
GCA_030265055.1	98.55	Other
GCA_037039965.1	97.8	Other
GCA_027744805.2	98.62	Other
GCA_031770045.1	99.63	Other
GCA_036250545.1	85.53	Other
GCA_036324505.1	99.98	Other
GCA_046255195.1	98.76	Other
GCA_037101425.1	99.51	Other
GCA_034702125.1	93.23	Other
GCA_040112795.1	95.18	Other
GCA_033978785.2	97.82	Other
GCA_037178815.1	99.22	Other
GCA_049639485.1	99.68	Other
GCA_023566175.1	98.56	Other
GCA_048564805.1	96.78	Other
GCA_048564785.1	89.11	Other
GCA_048564825.1	99.38	Other
GCA_039105355.1	99.66	Other
GCA_013403625.1	99.26	Other
GCA_024678985.1	93.91	Other
GCA_964260565.1	95.89	Other
GCA_040956055.2	80.44	Other
GCA_030435695.1	99.58	Other
GCA_031305455.1	98.06	Other
GCA_029224185.1	91.34	Other
GCA_041053085.1	94.72	Other
GCA_964034765.1	100	Other
GCA_049640105.1	95.73	Other
GCA_007896545.1	95.36	Other
GCA_022985175.1	88.12	Other
GCA_047663975.1	96.45	Other
GCA_039737535.1	96.11	Other
GCA_022059245.1	94.89	Other
GCA_003711585.2	93.13	Other
GCA_003845795.1	92.71	Other
GCA_004352675.2	91.97	Other
GCA_040182605.1	93.85	Other
GCA_040182675.1	88.13	Other
GCA_040182835.1	91.13	Other
GCA_044706065.1	98.27	Other
GCA_040670005.1	97.9	Other
GCA_004028665.1	100	Other
GCA_001640805.2	87.11	Other
GCA_051027255.1	100	Other
GCA_041146805.1	99.61	Other
GCA_965278445.1	98.6	Other
GCA_965274325.2	95.07	Other
GCA_965246675.1	99.89	Other
GCA_965358205.2	99.28	Other
GCA_049919795.1	100	Other
GCA_040182925.1	99.85	Other
GCA_030533445.1	91.18	Other
GCA_030533455.1	87.9	Other
GCA_027406505.1	95.21	Other
GCA_050881965.1	100	Other
GCA_051167465.1	99.4	Other
GCA_029465975.1	97.49	Other
GCA_049306965.1	100	Other
GCA_008692375.1	97.91	Other
GCA_020184715.1	99.89	Other
GCA_033170195.3	100	Other
GCA_024666655.1	90.3	Other
GCA_030347415.2	99.97	Other
GCA_038996465.1	95.73	Other
GCA_046056365.1	96.2	Other
GCA_033000465.1	100	Other
GCA_023634345.2	98.74	Other
GCA_023634425.1	98.14	Other
GCA_038419695.1	95.35	Other
GCA_022379125.1	99.91	Other
GCA_023238725.1	97.7	Other
GCA_034552555.1	78.13	Other
GCA_021018895.1	99.99	Other
GCA_023856345.1	99.21	Other
GCA_041682515.1	98.98	Other
GCA_030347295.1	98.24	Other
GCA_048569235.1	95.33	Other
GCA_041146955.1	98.27	Other
GCA_023972475.1	95.45	Other
GCA_040182825.1	99.54	Other
GCA_020085105.1	99.87	Other
GCA_027580155.1	99.59	Other
GCA_049996615.1	99.85	Other
GCA_047228765.1	100	Other
GCA_027580175.1	99.57	Other
GCA_045785235.1	100	Other
GCA_049830015.1	100	Other
GCA_045785285.1	91.28	Other
GCA_020466265.1	98.26	Other
GCA_919967415.2	98.86	Other
GCA_003309015.1	64.3	Other
GCA_050436865.1	99.53	Other
GCA_039654775.1	97.01	Other
GCA_965243705.1	99.85	Other
GCA_046118805.1	99.5	Other
GCA_040359625.1	99.42	Other
GCA_965170635.1	77.81	Other
GCA_965165685.1	88.32	Other
GCA_029721515.1	90.89	Other
GCA_029718625.1	97.85	Other
GCA_027744825.1	95.75	Other
GCA_019802595.1	99.68	Other
GCA_033458585.1	81.9	Other
GCA_022655615.1	99.29	Other
GCA_023638525.1	98.81	Other
GCA_040256215.1	97.35	Other
GCA_030014155.1	99.9	Other
GCA_033026395.1	99.92	Other
GCA_029959045.1	97.81	Other
GCA_037389245.1	89.37	Other
GCA_047301455.1	97.16	Other
GCA_047301515.1	97.55	Other
GCA_040285405.1	95.53	Other
GCA_048544875.1	97.13	Other
GCA_028031935.1	93.95	Other
GCA_044885175.1	97.55	Other
GCA_040436345.1	100	Other
GCA_036937835.1	99.47	Other
GCA_036321115.1	97.4	Other
GCA_036937825.1	96.11	Other
GCA_022758105.1	90.59	Other
GCA_016801045.1	98.55	Other
GCA_051225775.1	99.78	Other
GCA_037577625.1	95.09	Other
GCA_037577785.1	80.14	Other
GCA_022985145.1	84.89	Other
GCA_037576825.1	96.85	Other
GCA_037576815.1	95.85	Other
GCA_037577455.1	96.07	Other
GCA_051225755.1	99.25	Other
GCA_037576675.1	97.18	Other
GCA_965278395.1	98.4	Other
GCA_041684115.1	98.32	Other
GCA_040437545.1	99.1	Other
GCA_024713975.2	100	Other
GCA_036983055.1	97.13	Other
GCA_041430065.1	95.53	Other
GCA_041430075.1	97.95	Other
GCA_030506205.2	99.13	Other
GCA_048594095.1	95.12	Other
GCA_042823925.3	99.34	Other
GCA_036321145.2	97.24	Other
GCA_036321365.1	80.5	Other
GCA_042310395.1	100	Other
GCA_025617405.1	94.71	Other
GCA_024416835.2	95.15	Other
GCA_026225835.1	98.8	Other
GCA_051167445.1	99.33	Other
GCA_040437555.1	98.9	Other
GCA_019703515.2	99.75	Other
GCA_963576455.2	99.12	Other
GCA_051110555.1	70.98	Other
GCA_051107185.1	84.1	Other
GCA_051107165.1	87.99	Other
GCA_044705665.1	97.86	Other
GCA_051107145.1	84.46	Other
GCA_030340665.1	96.96	Other
GCA_902685375.1	95.62	Other
GCA_033978685.3	99.08	Other
GCA_033978795.1	95.44	Other
GCA_902410095.1	93.94	Other
GCA_043380555.1	96.25	Other
GCA_014300015.1	86.62	Other
GCA_047495795.1	100	Other
GCA_041950425.1	99.83	Other
GCA_034769755.1	99.69	Other
GCA_032888595.1	99.69	Other
GCA_030686955.1	99.96	Other
GCA_045791955.2	90.66	Other
GCA_049308825.1	88.61	Other
GCA_021184085.1	80.83	Other
GCA_017355495.1	81.74	Other
GCA_023373465.1	80.96	Other
GCA_012931545.1	72.46	Other
GCA_002021735.2	83.83	Other
GCA_036934945.2	81.68	Other
GCA_013265735.3	95.37	Other
GCA_025558465.1	93.62	Other
GCA_029834435.1	92.91	Other
GCA_034753235.1	88.98	Other
GCA_034236695.1	88.81	Other
GCA_006149115.2	76.32	Other
GCA_049307565.1	99.15	Other
GCA_040802735.1	99.16	Other
GCA_037194245.1	99.02	Other
GCA_037194315.1	95.68	Other
GCA_037194365.1	90.39	Other
GCA_013358895.1	97.75	Other
GCA_016625535.1	90.2	Other
GCA_043643405.1	95.49	Other
GCA_013350305.1	97.38	Other
GCA_043643375.1	96.81	Other
GCA_045838175.1	100	Other
GCA_023969325.1	95.63	Other
GCA_003999625.1	97.71	Other
GCA_004348095.1	92.02	Other
GCA_004348135.1	90.46	Other
GCA_051107095.1	82.66	Other
GCA_051107105.1	76.13	Other
GCA_051107215.1	87.53	Other
GCA_044705685.1	93.64	Other
GCA_043647535.1	98.77	Other
GCA_000233375.4	75.51	Other
GCA_021399835.1	89.32	Other
GCA_923944775.2	94.87	Other
GCA_931346935.2	93.93	Other
GCA_965601325.1	93.14	Other
GCA_043791845.1	96.88	Other
GCA_045679555.1	98.59	Other
GCA_029448725.1	88.88	Other
GCA_016432855.1	84.48	Other
GCA_002910315.2	69.88	Other
GCA_008315115.2	99.47	Other
GCA_023718385.1	98.81	Other
GCA_031162955.1	96.49	Other
GCA_046562855.1	99.73	Other
GCA_027474115.1	92.9	Other
GCA_027422435.1	92.51	Other
GCA_040939985.1	99.31	Other
GCA_049863035.1	99.14	Other
GCA_027422415.1	92.35	Other
GCA_041051915.1	99.3	Other
GCA_038496675.1	96.01	Other
GCA_038496645.1	92.02	Other
GCA_034769265.1	99.68	Other
GCA_047275855.1	99.97	Other
GCA_964273455.2	97.09	Other
GCA_039654625.1	97.86	Other
GCA_019453435.1	100	Other
GCA_041380415.1	98.7	Other
GCA_036850595.2	90.46	Other
GCA_049462935.1	96.41	Other
GCA_050574305.1	99.04	Other
GCA_050575185.1	98.82	Other
GCA_039881065.1	98.23	Other
GCA_039881075.1	98.62	Other
GCA_030544235.1	96.01	Other
GCA_051168995.1	94.16	Other
GCA_023718395.1	99.43	Other
GCA_041200155.1	100	Other
GCA_050084785.1	97.87	Other
GCA_036178185.1	95.47	Other
GCA_964260585.1	97.93	Other
GCA_050947775.1	96.27	Other
GCA_049309625.1	88.06	Other
GCA_030770545.1	85.61	Other
GCA_019455525.1	98.14	Other
GCA_041146795.1	97.06	Other
GCA_047715935.1	93	Other
GCA_030578275.1	98.33	Other
GCA_021613375.1	99.56	Other
GCA_018812025.1	97.16	Other
GCA_026261665.1	97.81	Other
GCA_965154125.1	74.65	Other
GCA_964660975.1	99.72	Other
GCA_964260605.1	96.15	Other
GCA_050495845.1	97.51	Other
GCA_021292245.1	94.3	Other
GCA_022435785.1	97.93	Other
GCA_036785525.1	95.31	Other
GCA_036365135.1	94.98	Other
GCA_027580225.2	94.81	Other
GCA_041755345.1	99.76	Other
GCA_048165095.1	100	Other
GCA_051201485.1	96.62	Other
GCA_022458985.1	100	Other
GCA_046056395.1	91.89	Other
GCA_038363315.1	91.89	Other
GCA_040112775.1	91.89	Other
GCA_049638725.1	99.4	Other
GCA_027704905.1	83.48	Other
GCA_039654765.1	96.25	Other
GCA_008729295.2	87.73	Other
GCA_011397275.1	99.62	Other
GCA_026936395.1	99.61	Other
GCA_024760905.1	99.75	Other
GCA_013036085.2	89.6	Other
GCA_033032245.1	99.24	Other
GCA_046042705.1	100	Other
GCA_904066995.1	100	Other
GCA_028583405.1	80.85	Other
GCA_017654505.1	96.47	Other
GCA_965276375.1	99.75	Other
GCA_049638765.1	99.83	Other
GCA_028641955.1	94.15	Other
GCA_030340685.1	98.34	Other
GCA_044905845.1	96.18	Other
GCA_046865715.1	95.04	Other
GCA_902827115.2	89.9	Other
GCA_048564765.1	95.95	Other
GCA_048544885.1	83.75	Other
GCA_029220125.1	98.24	Other
GCA_038501795.1	94.4	Other
GCA_046055825.1	99.13	Other
GCA_024679245.1	99.6	Other
GCA_050926195.1	99.6	Other
GCA_050231285.1	90.73	Other
GCA_041296075.1	97.5	Other
GCA_027422405.1	92.58	Other
GCA_041765585.1	97.5	Other
GCA_049949165.1	100	Other
GCA_026259375.1	99.98	Other
GCA_012393435.1	96.55	Other
GCA_046562865.1	99.47	Other
GCA_048182625.1	95.12	Other
GCA_016859285.1	96.64	Other
GCA_036418095.1	98.71	Other
GCA_041380905.1	99.44	Other
GCA_041429825.1	98.44	Other
GCA_025860055.1	98.26	Other
GCA_962446985.1	99.63	Other
GCA_038088235.1	98.33	Other
GCA_034642465.1	98.64	Other
GCA_040110945.1	94.3	Other
GCA_051020865.1	100	Other
GCA_042767175.1	96.33	Other
GCA_023658055.1	97.36	Other
GCA_009823395.1	98.98	Other
GCA_965366085.1	92.33	Other
GCA_043381625.1	98.37	Other
GCA_023634145.1	95.56	Other
GCA_004348285.1	94.91	Other
GCA_030578255.1	91.27	Other
GCA_022709315.2	98.36	Other
GCA_045865225.1	95.16	Other
GCA_050140585.1	95.37	Other
GCA_046254865.1	96.34	Other
GCA_003711565.2	95.88	Other
GCA_000372685.2	69.7	Other
GCA_002234675.1	100	Other
GCA_000313675.1	83.17	Other
GCA_003186165.1	100	Other
GCA_013347765.1	98.23	Other
GCA_004023545.1	100	Other
GCA_004026145.2	91.93	Other
GCA_018296145.1	86.43	Other
GCA_018400075.1	100	Other
GCA_019721115.1	97.89	Other
GCA_024217435.4	89.63	Other
GCA_024453875.1	99.16	Other
GCA_025169545.1	99.33	Other
GCA_030710495.1	99.47	Other
GCA_036884735.1	96.6	Other
GCA_038021265.1	97.29	Other
GCA_041753875.1	100	Other
GCA_042242115.1	90.22	Other
GCA_044231645.1	98.42	Other
GCA_046255725.1	89.33	Other
GCA_047511595.1	98.36	Other
GCA_048128715.1	99.2	Other
GCA_048129065.1	97.89	Other
GCA_049082045.1	95.54	Other
GCA_900246225.5	96.62	Other
GCA_905237065.2	90.67	Other
GCA_002922805.2	91.51	Other
GCA_010015445.1	98.99	Other
GCA_002872995.1	73.26	Other
GCA_002831465.1	72.3	Other
GCA_007927625.1	100	Other
GCA_003331165.2	99.16	Other
GCA_004354835.1	98.78	Other
GCA_004119915.2	96.88	Other
GCA_022829025.1	99.66	Other
GCA_021464655.1	91.66	Other
GCA_900005705.1	4.62	Other
GCA_002163495.1	89.49	Other
GCA_001465895.2	86.82	Other
GCA_011397635.1	99.89	Other
GCA_000951615.2	50.99	Other
GCA_018340385.1	91.12	Other
GCA_000633615.2	95.23	Other
GCA_000721915.3	88.06	Other
GCA_014132575.2	72.89	Other
GCA_000180615.2	71.93	Other
GCA_014281875.1	95.13	Other
GCA_903684865.1	95.69	Other
GCA_903684855.2	98.25	Other
GCA_903798165.1	85.18	Other
GCA_903798175.1	87.84	Other
GCA_903798185.1	88.13	Other
GCA_000002035.4	98.31	Other
GCA_903798145.1	99.03	Other
GCA_903798195.1	95.85	Other
GCA_008369825.1	98.7	Other
GCA_005281545.1	98.4	Other
GCA_006182925.3	96.35	Other
GCA_009078355.1	99.17	Other
GCA_014673565.1	97.42	Other
GCA_008692095.1	82.69	Other
GCA_014183145.1	88.07	Other
GCA_011952085.1	96.69	Other
GCA_011952075.1	96.58	Other
GCA_011952095.1	97.66	Other
GCA_011952105.1	94.71	Other
GCA_023630585.1	99.47	Other
GCA_000972845.2	91.83	Other
GCA_900246015.1	99.99	Other
GCA_001649575.2	99.15	Other
GCA_001444195.3	99.55	Other
GCA_022829085.1	99.53	Other
GCA_965113325.1	97.75	Other
GCA_014805685.1	99.51	Other
GCA_017165825.1	86.13	Other
GCA_013332515.1	99.91	Other
GCA_013358815.1	99.25	Other
GCA_015343265.1	92.61	Other
GCA_020698575.1	99.57	Other
GCA_015846415.1	98.87	Other
GCA_018136845.1	96.96	Other
GCA_016859345.1	98.62	Other
GCA_020091685.1	96.15	Other
GCA_018831695.1	85.77	Other
GCA_016801935.1	92.27	Other
GCA_016801845.1	98.24	Other
GCA_016801885.1	87.42	Other
GCA_019176425.1	98.21	Other
GCA_023029165.1	99.69	Other
GCA_018491645.1	96.41	Other
GCA_019155185.1	98.03	Other
GCA_018749465.1	88.61	Other
GCA_019176455.1	90.9	Other
GCA_018466805.1	99.36	Other
GCA_018997905.1	96.94	Other
GCA_021346845.1	95.81	Other
GCA_020496755.1	98.26	Other
GCA_019924925.1	99.85	Other
GCA_021554675.1	98.19	Other
GCA_021464625.1	96.99	Other
GCA_022828995.1	98.58	Other
GCA_023566125.1	96.16	Other
GCA_023566225.1	98.63	Other
GCA_023566465.1	97.33	Other
GCA_023631565.1	98.18	Other
GCA_023373845.1	94.05	Other
GCA_000188235.2	70.86	Other
GCA_001858045.3	90.25	Other
GCA_002775205.2	99.39	Other
GCA_001904815.2	98.07	Other
GCA_000523025.1	94.67	Other
GCA_000238955.5	79.48	Other
GCA_000242695.1	94.22	Other
GCA_965183825.1	96.46	Other
GCA_965276695.1	99.45	Other
GCA_965279225.1	95.16	Other
GCA_016735935.1	91.89	Other
GCA_011125445.2	78.18	Other
GCA_012432095.1	99.41	Other
GCA_014905685.2	94.05	Other
GCA_013103735.1	97.64	Other
GCA_013133815.1	99.73	Other
GCA_019447015.1	82.53	Other
GCA_033557465.1	98.37	Other
GCA_036426205.1	63.73	Other
GCA_042186555.1	99.22	Other
GCA_014858855.1	96.21	Other
GCA_033119425.1	93.74	Other
GCA_037900795.1	95.48	Other
GCA_050004315.1	45.87	Other
GCA_933207985.1	98.65	Other
GCA_032062135.1	97.51	Other
GCA_029574335.1	92.76	Other
GCA_029206835.1	85.63	Other
GCA_050947455.1	92.17	Other
GCA_018994145.1	98.22	Other
GCA_032062155.1	95.09	Other
GCA_028564925.1	98.8	Other
GCA_031143425.1	98.89	Other
GCA_036250615.1	95.73	Other
GCA_024363595.1	96.13	Other
GCA_017654675.1	99.97	Other
GCA_001663975.1	92.25	Other
GCA_000004195.4	99.86	Other
GCA_013368275.1	93.5	Other
GCA_002915635.3	94.77	Other
GCA_031893025.1	91.87	Other
GCA_048565335.1	94.51	Other
GCA_004786255.1	98.54	Other
GCA_009667805.1	93.34	Other
GCA_019857665.1	63.88	Other
GCA_019512145.1	75.27	Other
GCA_965287035.1	93.59	Other
GCA_965287015.1	97.54	Other
GCA_965287025.1	94.75	Other
GCA_965286855.1	88.52	Other
GCA_048593965.1	87.01	Other
GCA_033816785.1	98.54	Other
GCA_047495875.1	99.62	Other
GCA_027791375.2	98.16	Other
GCA_028654425.1	92.08	Other
GCA_040285205.1	95.44	Other
GCA_965250375.1	84.98	Other
GCA_000738735.6	99.73	Other
GCA_047663525.1	100	Other
GCA_008746955.3	95.2	Other
GCA_030704485.1	99.28	Other
GCA_037218355.1	98.25	Other
GCA_039998725.1	90.3	Other
GCA_040361065.1	84.29	Other
GCA_047301635.1	95.81	Other
GCA_048756695.1	94.2	Other
GCA_900411745.1	100	Other
GCA_031753505.1	90.13	Other
GCA_025388735.1	97.21	Other
GCA_026259575.1	98.51	Other
GCA_030515125.1	98.26	Other
GCA_025583725.1	90.28	Other
GCA_041296385.2	87.64	Other
GCA_041296225.1	98.54	Other
GCA_023079485.1	97.06	Other
GCA_046127185.1	99.65	Other
GCA_043388435.1	99.65	Other
GCA_037013685.1	99.86	Other
GCA_965285925.1	97.38	Other
GCA_035666275.1	99.57	Other
GCA_965278835.1	98.14	Other
GCA_030625065.1	97.17	Other
GCA_016699485.1	99.37	Other
GCA_002798355.1	98.19	Other
GCA_024652985.1	98.29	Other
GCA_024652995.1	97.93	Other
GCA_024653025.1	98.14	Other
GCA_024653035.1	98.79	Other
GCA_024653045.1	97.94	Other
GCA_025370635.1	97.68	Other
GCA_030849555.2	98.91	Other
GCA_030914265.2	98.44	Other
GCA_030979905.2	98.91	Other
GCA_034769225.1	99.87	Other
GCA_034769275.1	99.84	Other
GCA_039997075.1	98.85	Other
GCA_040436645.1	98.76	Other
GCA_041920315.1	95.76	Other
GCA_033088195.1	97.52	Other
GCA_034008185.1	99.91	Other
GCA_018139145.2	95.79	Other
GCA_965212795.1	83.17	Other
GCA_042477495.1	97.59	Other
GCA_048319975.1	100	Other
GCA_009194515.1	86.58	Other
GCA_039654755.1	85.43	Other
GCA_037305975.1	99.15	Other
GCA_034638445.1	99.25	Other
GCA_050947545.1	99.73	Other
GCA_026413565.1	97.88	Other
GCA_042478095.1	98.81	Other
GCA_029042245.1	98.28	Other
GCA_003829775.2	98.61	Other
GCA_015883425.2	98.01	Other
GCA_013377495.2	98.74	Other
GCA_964304615.2	99.6	Other
GCA_022539315.2	99.44	Other
GCA_001746935.2	98.94	Other
GCA_032173965.1	98.95	Other
GCA_951411735.1	91.13	Other
GCA_030142145.1	99.88	Other
GCA_050947425.1	96.19	Other
GCA_047716275.1	93.65	Other
GCA_047947145.2	96.41	Other
GCA_023376015.1	98.32	Other
GCA_026413225.1	97.74	Other
GCA_037038585.2	92.45	Other
GCA_045791835.1	100	Other
GCA_965225075.1	97.9	Other
GCA_032357785.1	94.82	Other
GCA_032191515.2	89.68	Other
GCA_035839065.1	95.78	Other
GCA_038380795.1	98.91	Other
GCA_965183895.1	99.87	Other
GCA_008360975.2	94.68	Other
GCA_005870125.1	97.19	Other
GCA_050655735.1	98.06	Other
GCA_030408155.1	95.22	Other
GCA_034336685.1	92.17	Other
GCA_034336665.1	93.23	Other
GCA_964304605.1	96.26	Other
GCA_943294205.1	93.38	Other
GCA_042985785.1	99.97	Other
GCA_037042795.1	90.45	Other
GCA_012460135.3	97.69	Other
GCA_035582795.1	94.82	Other
GCA_038429875.2	92.55	Other
GCA_021018805.3	97.38	Other
GCA_049639895.1	100	Other
GCA_024509145.1	98.89	Other
GCA_039700855.2	99.32	Other
GCA_045269165.1	90.39	Other
GCA_028769735.2	92.44	Other
GCA_045281155.1	92.21	Other
GCA_965282525.1	94.58	Other
GCA_001887755.1	92.43	Other
GCA_003957565.4	99.4	Other
GCA_013407035.1	99.4	Other
GCA_016128335.2	96.47	Other
GCA_017639245.1	97.75	Other
GCA_024206055.2	100	Other
GCA_027408225.1	97.7	Other
GCA_027557775.1	97.94	Other
GCA_030914275.2	99.27	Other
GCA_030820635.1	95.33	Other
GCA_032719375.1	98.44	Other
GCA_034619455.1	90.67	Other
GCA_902806625.1	95.66	Other
GCA_964196065.2	94.91	Other
GCA_002078875.2	96.3	Other
GCA_002743455.1	93.84	Other
GCA_001577835.2	97.54	Other
GCA_965278775.1	83.42	Other
GCA_901933205.1	96.7	Other
GCA_910950805.1	98.64	Other
GCA_009741485.1	94.18	Other
GCA_013398505.2	97.32	Other
GCA_001522545.3	97.84	Other
GCA_001700915.1	94.47	Other
GCA_015832195.1	95.68	Other
GCA_015532645.2	98.03	Other
GCA_018104995.1	94.08	Other
GCA_019023105.1	96.18	Other
GCA_018697195.1	88.47	Other
GCA_000002315.5	98.68	Other
GCA_000146605.4	88.13	Other
GCA_015476345.1	94.78	Other
GCA_003850225.1	94.08	Other
GCA_000247815.2	94.58	Other
GCA_017639355.1	99.51	Other
GCA_965178535.1	91.95	Other
GCA_965231245.1	94.96	Other
GCA_965250365.1	91.05	Other
GCA_965250395.1	87.88	Other
GCA_965277985.1	88.66	Other
GCA_965278175.1	91.79	Other
GCA_965278785.1	87.03	Other
GCA_011077185.1	97.17	Other
GCA_011074415.1	97.6	Other
GCA_011076525.1	97.5	Other
GCA_011075105.1	97.15	Other
GCA_015227895.2	84.51	Other
GCA_048418815.1	86.9	Other
GCA_047496795.1	93.93	Other
GCA_047496885.1	95.49	Other
GCA_030390025.1	82.78	Other
GCA_050613895.1	87.58	Other
GCA_022316705.1	99.45	Other
GCA_035221665.1	96.21	Other
GCA_040805665.1	97.87	Other
GCA_021869965.1	91.53	Other
GCA_028641065.1	92.43	Other
GCA_038087875.1	67.78	Other
GCA_963921235.1	98.95	Other
GCA_037974335.1	97.85	Other
GCA_004010195.1	82.15	Other
GCA_015708825.1	90.29	Other
GCA_035128595.1	94.98	Other
GCA_041222605.1	95.67	Other
GCA_040869285.1	70.48	Other
GCA_965212235.1	90.44	Other
GCA_965212315.1	91.22	Other
GCA_010993605.1	92.3	Other
GCA_033439345.1	96.16	Other
GCA_028551405.1	83.56	Other
GCA_023065955.2	6.28	Other
GCA_002837175.5	94.95	Other
GCA_002776525.5	93.32	Other
GCA_044885105.1	99.71	Other
GCA_965203405.2	95.26	Other
GCA_028551515.1	78.7	Other
GCA_051107505.1	99.03	Other
GCA_016881025.1	4.87	Other
GCA_030247045.1	98.12	Other
GCA_002007445.3	93.71	Other
GCA_029963865.1	96.43	Other
GCA_028646595.1	72.37	Other
GCA_003668045.2	97.07	Other
GCA_964304595.1	99.29	Other
GCA_965212715.2	97.86	Other
GCA_038363175.3	98.05	Other
GCA_033961575.1	99.66	Other
GCA_016432865.2	99.86	Other
GCA_028646355.1	90.25	Other
GCA_027475565.2	99.73	Other
GCA_029890205.1	99.78	Other
GCA_044231825.1	91	Other
GCA_964261345.1	99.48	Other
GCA_964261355.1	99.48	Other
GCA_023065765.1	99.19	Other
GCA_000306695.2	100	Other
GCA_009914755.4	100	Other
GCA_001292825.2	94.43	Other
GCA_001712695.1	97.02	Other
GCA_014905855.1	98.72	Other
GCA_015476435.1	94.3	Other
GCA_018505835.3	72.85	Other
GCA_020497085.1	97.66	Other
GCA_020497115.1	94.45	Other
GCA_022833125.2	90.16	Other
GCA_037177555.1	99.73	Other
GCA_037575895.1	58.96	Other
GCA_045999875.1	51.32	Other
GCA_050655445.1	99.64	Other
GCA_017591445.1	97.95	Other
GCA_013496395.1	97.87	Other
GCA_000151905.3	95.89	Other
GCA_008122165.1	90.81	Other
GCA_028646425.1	83.56	Other
GCA_028533245.1	85.25	Other
GCA_963992745.1	96.09	Other
GCA_019923935.1	100	Other
GCA_003121395.1	98.74	Other
GCA_029407905.2	93.89	Other
GCA_023091745.2	93.54	Other
GCA_009663435.2	97.71	Other
GCA_046862485.1	98.16	Other
GCA_048773025.1	96.81	Other
GCA_000803125.3	94.75	Other
GCA_036785785.1	96.49	Other
GCA_009834535.1	97.58	Other
GCA_034620435.1	99.29	Other
GCA_003254725.2	99.49	Other
GCA_000002285.4	99.91	Other
GCA_005444595.1	99.28	Other
GCA_014441545.1	98.65	Other
GCA_012044875.1	100	Other
GCA_043643935.1	98.68	Other
GCA_044048985.1	99.92	Other
GCA_001704415.2	88.35	Other
GCA_000317765.2	95.59	Other
GCA_004361675.1	91.78	Other
GCA_026652205.1	99.31	Other
GCA_040822015.1	100	Other
GCA_042835985.1	99.65	Other
GCA_044509215.1	93.76	Other
GCA_044587905.1	91.98	Other
GCA_044587935.1	92.59	Other
GCA_044587945.1	90.98	Other
GCA_044588015.1	92.39	Other
GCA_046464075.1	94.9	Other
GCA_047671635.1	94.18	Other
GCA_047671655.1	89.81	Other
GCA_048593975.1	94.81	Other
GCA_048594065.1	93.11	Other
GCA_048594125.1	92.1	Other
GCA_048598025.1	93.52	Other
GCA_048598065.1	96	Other
GCA_049004405.1	98.29	Other
GCA_049004495.1	93.56	Other
GCA_049004595.1	94.4	Other
GCA_032405125.2	95.45	Other
GCA_041296235.2	96.36	Other
GCA_016077325.2	99.98	Other
GCA_041296265.1	96.9	Other
GCA_002863925.1	96.1	Other
GCA_048565035.1	98.45	Other
GCA_964023255.1	95.87	Other
GCA_964023265.1	95.9	Other
GCA_037783145.1	93.42	Other
GCA_021613505.1	93.94	Other
GCA_041146395.1	91.75	Other
GCA_043251655.1	97.26	Other
GCA_018350175.1	99.89	Other
GCA_000003115.1	90.9	Other
GCA_013340865.2	100	Other
GCA_016509815.2	99.59	Other
GCA_032458615.1	99.74	Other
GCA_028533295.1	92.7	Other
GCA_021442165.1	100	Other
GCA_023653735.1	90.43	Other
GCA_046563475.2	84.35	Other
GCA_019320065.1	99.93	Other
GCA_002197005.1	98.46	Other
GCA_040085125.1	98.03	Other
GCA_034195675.1	95.72	Other
GCA_038088365.1	76.97	Other
GCA_047675955.1	88.03	Other
GCA_028533335.1	94.96	Other
GCA_040207285.2	98.4	Other
GCA_028534165.1	67.44	Other
GCA_028533375.1	86.98	Other
GCA_036346955.1	99.77	Other
GCA_040182945.1	99.56	Other
GCA_028627145.1	75.68	Other
GCA_033060105.1	96.98	Other
GCA_051143605.1	99.51	Other
GCA_035773235.1	91.58	Other
GCA_028533215.1	82.75	Other
GCA_043643345.1	98.04	Other
GCA_014182915.2	98.9	Other
GCA_946052875.1	88.61	Other
GCA_027580245.1	98.09	Other
GCA_050059765.1	97.69	Other
GCA_029378745.1	99.47	Other
GCA_030267345.1	98.17	Other
GCA_030267355.1	99.11	Other
GCA_030267375.1	96.22	Other
GCA_030269505.1	94.7	Other
GCA_030269815.1	98.28	Other
GCA_030270685.1	99.13	Other
GCA_030270715.1	98.94	Other
GCA_030270825.1	99.78	Other
GCA_030271805.1	98.1	Other
GCA_030272135.1	99.33	Other
GCA_032452875.1	88.92	Other
GCA_027580195.2	97.91	Other
GCA_002968435.1	100	Other
GCA_021234555.1	99.18	Other
GCA_021347905.1	97.99	Other
GCA_028973685.2	86.66	Other
GCA_034097375.1	91.95	Other
GCA_039881175.1	99.37	Other
GCA_040285425.1	95.04	Other
GCA_040286185.1	96.47	Other
GCA_043882115.1	96.6	Other
GCA_047652215.1	97.54	Other
GCA_051106085.1	100	Other
GCA_051122635.1	97.45	Other
GCA_905123515.1	97.88	Other
GCA_905123885.1	85.08	Other
GCA_963921495.1	87.08	Other
GCA_018282365.1	94.5	Other
GCA_030254855.1	91.04	Other
GCA_028533205.1	86.43	Other
GCA_028534125.1	75.07	Other
GCA_018350155.1	100	Other
GCA_028646485.1	94.34	Other
GCA_033118175.2	88.23	Other
GCA_028643805.1	84.62	Other
GCA_029941415.3	96.64	Other
GCA_029941435.3	97.14	Other
GCA_029941455.3	97.43	Other
GCA_030062865.2	93.81	Other
GCA_051107595.1	99.38	Other
GCA_047372625.1	100	Other
GCA_015741225.1	88.91	Other
GCA_020226075.1	97.17	Other
GCA_028643795.1	53.05	Other
GCA_047301775.1	99.91	Other
GCA_041721565.1	92.67	Other
GCA_028646385.1	90.56	Other
GCA_000003025.6	97.4	Other
GCA_007644095.1	97.83	Other
GCA_015776825.1	99.74	Other
GCA_024718415.1	98.64	Other
GCA_031225015.1	98.37	Other
GCA_031306245.1	95.78	Other
GCA_037447515.1	95.95	Other
GCA_039654815.1	93.77	Other
GCA_040869115.1	93.46	Other
GCA_041937265.1	97.59	Other
GCA_044906105.1	91.68	Other
GCA_044906185.1	88.7	Other
GCA_046128825.1	96.74	Other
GCA_049999145.1	99.11	Other
GCA_050231125.1	98.8	Other
GCA_017957985.1	97.91	Other
GCA_020567905.1	99.11	Other
GCA_006511355.2	100	Other
GCA_041729645.1	95.65	Other
GCA_028642525.1	78.22	Other
GCA_015598185.1	12.08	Other
GCA_047496905.1	100	Other
GCA_025594165.1	98.03	Other
GCA_044509165.1	99.83	Other
GCA_028533255.1	71.01	Other
GCA_028564725.2	99.78	Other
GCA_045269445.1	99.56	Other
GCA_028583565.1	99.79	Other
GCA_023701675.1	93.54	Other
GCA_002742125.1	97.88	Other
GCA_011170295.1	99.19	Other
GCA_017524585.1	99.85	Other
GCA_019145175.1	99.57	Other
GCA_022244695.1	96.23	Other
GCA_022416685.1	92.75	Other
GCA_022416695.1	94.21	Other
GCA_022416725.1	92.27	Other
GCA_022416745.1	92.97	Other
GCA_022416755.1	92.23	Other
GCA_022416775.1	93.78	Other
GCA_022416785.1	91.8	Other
GCA_022416915.1	91.78	Other
GCA_022432825.1	93.25	Other
GCA_022432835.1	94.07	Other
GCA_022432845.1	92.43	Other
GCA_022538005.1	92.77	Other
GCA_024222175.1	90.34	Other
GCA_024222265.1	90.95	Other
GCA_033439445.1	92.21	Other
GCA_040259355.1	98.72	Other
GCA_040543055.1	94.54	Other
GCA_041121725.1	100	Other
GCA_050916685.1	89.46	Other
GCA_028658305.1	83.2	Other
GCA_030068075.1	95.32	Other
GCA_018350215.1	99.97	Other
GCA_008795835.1	89.76	Other
GCA_046254995.1	98.66	Other
GCA_028533385.1	89.84	Other
GCA_046562875.2	99.9	Other
GCA_965177595.1	99.77	Other
GCA_018350195.2	99.99	Other
GCA_024034525.1	97.4	Other
GCA_021130815.1	99.08	Other
GCA_021131075.1	94.89	Other
GCA_023721935.1	96.23	Other
GCA_028646445.1	95.54	Other
GCA_048603155.1	99.98	Other
GCA_040182635.1	86.45	Other
GCA_008728515.2	95.53	Other
GCA_028645565.1	84.04	Other
GCA_023159225.1	86.9	Other
GCA_949786415.1	81.58	Other
GCA_949786435.1	82.71	Other
GCA_004664715.2	97.18	Other
GCA_003704035.3	96.98	Other
GCA_049852335.1	100	Other
GCA_047834645.1	99.67	Other
GCA_028533885.1	79.35	Other
GCA_047571435.1	99.16	Other
GCA_030324275.1	99.63	Other
GCA_020171115.1	98.64	Other
GCA_002201575.2	97.72	Other
GCA_026225855.1	100	Other
GCA_050000055.1	84.41	Other
GCA_006542625.1	95.69	Other
GCA_040113105.1	98.96	Other
GCA_036971965.2	99.45	Other
GCA_014633375.1	97.02	Other
GCA_020976825.1	93.45	Other
GCA_023699985.4	93.15	Other
GCA_024291935.2	97.96	Other
GCA_949786405.1	89.17	Other
GCA_949786425.1	86.84	Other
GCA_949786385.1	79.34	Other
GCA_949786395.1	77.12	Other
GCA_949787125.1	97.3	Other
GCA_047671645.1	99.07	Other
GCA_051225735.1	99.8	Other
GCA_902635505.1	99.84	Other
GCA_042919465.1	94.33	Other
GCA_949782905.1	90.7	Other
GCA_023515785.2	97.65	Other
GCA_023515805.2	94.99	Other
GCA_045687965.1	99.71	Other
GCA_045687995.1	99.71	Other
GCA_045688005.1	99.5	Other
GCA_011064425.1	99.63	Other
GCA_011800105.1	99.51	Other
GCA_028646465.1	82.25	Other
GCA_040057535.1	99.98	Other
GCA_964194215.2	93.46	Other
GCA_041825415.1	99.85	Other
GCA_007565055.1	97.55	Other
GCA_028533395.1	70.87	Other
GCA_963981305.1	99.73	Other
GCA_042027585.1	89.81	Other
GCA_033115175.1	93.16	Other
GCA_040893245.2	99.58	Other
GCA_047496845.1	100	Other
GCA_033060095.1	96.68	Other
GCA_001883655.1	98.76	Other
GCA_026956025.1	99.52	Other
GCA_012559485.3	99.69	Other
GCA_000222185.1	100	Other
GCA_000230815.1	92.78	Other
GCA_003339765.3	96.7	Other
GCA_000230795.1	97.19	Other
GCA_008058575.1	97.31	Other
GCA_036172295.1	93.51	Other
GCA_024542745.1	99.58	Other
GCA_028583105.1	71.39	Other
GCA_028627215.1	79.49	Other
GCA_040802235.1	98.72	Other
GCA_040802205.1	97.22	Other
GCA_029410595.1	98.8	Other
GCA_040938845.1	94.17	Other
GCA_964304585.1	99.99	Other
GCA_040938555.1	97.82	Other
GCA_040938825.1	98.44	Other
GCA_040938815.1	98.64	Other
GCA_008632895.1	6.54	Other
GCA_030254825.1	99.93	Other
GCA_040939455.2	98.71	Other
GCA_051107335.1	99.53	Other
GCA_000317375.1	75.99	Other
GCA_028551445.1	87.46	Other
GCA_021288785.3	92.33	Other
GCA_049115385.1	99.89	Other
GCA_028533875.1	83.67	Other
GCA_020276665.1	98.82	Other
GCA_020226055.1	95.43	Other
GCA_008782695.1	95.11	Other
GCA_008787405.2	93.02	Other
GCA_020226045.1	98.61	Other
GCA_039877825.1	94.01	Other
GCA_030265425.1	97.37	Other
GCA_031761455.1	92.36	Other
GCA_031763685.1	95.45	Other
GCA_043792745.1	89.88	Other
GCA_043793115.1	90.68	Other
GCA_043972725.1	97.07	Other
GCA_050437135.1	100	Other
GCA_900095145.2	98.02	Other
GCA_964264385.1	99.85	Other
GCA_048197165.1	96.61	Other
GCA_048197275.1	94.2	Other
GCA_049190835.1	88.79	Other
GCA_049190895.1	79.1	Other
GCA_048340685.1	98.09	Other
GCA_040437455.1	98.18	Other
GCA_000001545.3	97.9	Other
GCA_028658325.1	69.48	Other
GCA_028534135.1	83.65	Other
GCA_016509475.2	99.54	Other
GCA_022837055.1	96.35	Other
GCA_028551425.1	89.3	Other
GCA_028646535.1	77.8	Other
GCA_028646575.1	68.55	Other
GCA_028646515.1	68.16	Other
GCA_028627135.1	72.13	Other
GCA_051107445.1	92.07	Other
GCA_028533765.1	88.96	Other
GCA_028749965.4	97.88	Other
GCA_028975605.1	98.25	Other
GCA_047655245.1	97.58	Other
GCA_048564905.1	84.07	Other
GCA_028626985.1	86.42	Other
GCA_018345385.1	99.15	Other
GCA_048418805.1	96.95	Other
GCA_050926205.1	99.51	Other
GCA_028644305.1	78.53	Other
GCA_050624465.1	91.37	Other
GCA_003255815.1	96.97	Other
GCA_028533075.1	89.24	Other
GCA_028533065.1	84.03	Other
GCA_040438115.1	93.82	Other
GCA_028551375.1	93.84	Other
GCA_042038095.1	59.72	Other
GCA_042038345.1	75.19	Other
GCA_042038585.1	72.14	Other
GCA_042038595.1	74.92	Other
GCA_042076445.1	68.81	Other
GCA_042076455.1	66.35	Other
GCA_042076525.1	31.18	Other
GCA_042076545.1	62.9	Other
GCA_042076565.1	69.72	Other
GCA_042076685.1	78.33	Other
GCA_042076705.1	55.36	Other
GCA_042076715.1	65.35	Other
GCA_042076735.1	37.88	Other
GCA_042076825.1	79.5	Other
GCA_042076865.1	69.99	Other
GCA_042076875.1	43.95	Other
GCA_042076885.1	67.35	Other
GCA_042077095.1	40.89	Other
GCA_042077135.1	56.69	Other
GCA_042077145.1	58.43	Other
GCA_042077165.1	40.5	Other
GCA_042077185.1	79.76	Other
GCA_042077285.1	59.23	Other
GCA_042077305.1	57.55	Other
GCA_042077325.1	51.06	Other
GCA_042077335.1	49.78	Other
GCA_042077345.1	40.23	Other
GCA_042077425.1	42.76	Other
GCA_042077465.1	61.77	Other
GCA_042077705.1	54.7	Other
GCA_042077735.1	50.35	Other
GCA_042077745.1	56.71	Other
GCA_042077765.1	71.87	Other
GCA_042077855.1	78.68	Other
GCA_042077875.1	73.31	Other
GCA_042077885.1	74.02	Other
GCA_042077995.1	41.79	Other
GCA_043304515.1	52.24	Other
GCA_043304525.1	62.37	Other
GCA_043304535.1	64.51	Other
GCA_043304965.1	81.21	Other
GCA_044164665.1	47.54	Other
GCA_044164695.1	42.38	Other
GCA_044164705.1	57.36	Other
GCA_044164725.1	78.01	Other
GCA_044164745.1	65.35	Other
GCA_044165085.1	71.73	Other
GCA_044165565.1	67.46	Other
GCA_044165595.1	44.93	Other
GCA_044165645.1	53.63	Other
GCA_044165725.1	55.71	Other
GCA_044165925.1	56.9	Other
GCA_044166065.1	41.69	Other
GCA_044166135.1	63.01	Other
GCA_044166285.1	63.39	Other
GCA_044166315.1	64.14	Other
GCA_044166435.1	41.82	Other
GCA_044166465.1	42.65	Other
GCA_044166515.1	74.05	Other
GCA_044166765.1	55.19	Other
GCA_044166785.1	69.9	Other
GCA_044166805.1	60.93	Other
GCA_044167235.1	55.93	Other
GCA_045523085.1	65.79	Other
GCA_045523115.1	71.58	Other
GCA_045523135.1	71.3	Other
GCA_045524125.1	73.2	Other
GCA_045524245.1	73.27	Other
GCA_045999885.1	55.25	Other
GCA_045999895.1	56.98	Other
GCA_045999905.1	80.69	Other
GCA_045999925.1	66.54	Other
GCA_046000055.1	67.24	Other
GCA_046043145.1	46.21	Other
GCA_046056425.1	58.23	Other
GCA_046056445.1	83.34	Other
GCA_046116005.1	76.01	Other
GCA_046116015.1	65.42	Other
GCA_046332005.1	100	Other
GCA_046332015.1	50.41	Other
GCA_046332065.1	63.92	Other
GCA_046332145.1	70.7	Other
GCA_046332185.1	81.9	Other
GCA_046332235.1	56.28	Other
GCA_046332305.1	44.82	Other
GCA_046332355.1	66.69	Other
GCA_046332365.1	69.45	Other
GCA_046332455.1	64.92	Other
GCA_046332475.1	73.62	Other
GCA_046629205.1	79.99	Other
GCA_046629215.1	68.37	Other
GCA_046629225.1	81.64	Other
GCA_046629265.1	99.91	Other
GCA_050656315.1	97.66	Other
GCA_011100555.2	97.89	Other
GCA_049354665.1	100	Other
GCA_002844635.1	88.03	Other
GCA_030704935.1	96.52	Other
GCA_048338725.1	100	Other
GCA_963921485.1	98.7	Other
GCA_002880755.3	93.42	Other
GCA_002880775.3	93.11	Other
GCA_006229205.1	97.42	Other
GCA_964148845.1	82.89	Other
GCA_004886185.2	94.99	Other
GCA_008641055.3	99.05	Other
GCA_013276365.2	99.33	Other
GCA_031010295.1	99.89	Other
GCA_031010635.1	99.85	Other
GCA_031010765.1	99.81	Other
GCA_031165255.1	99.6	Other
GCA_005887515.3	99.71	Other
GCA_013371645.1	98.79	Other
GCA_021556685.1	95.66	Other
GCA_036323735.1	99.99	Other
GCA_041222355.1	99.74	Other
GCA_019903745.2	78	Other
GCA_021498465.1	99.09	Other
GCA_021498475.1	98.72	Other
GCA_023856395.1	99.04	Other
GCA_023898255.1	95.88	Other
GCA_024500485.1	98.36	Other
GCA_031878665.1	92.37	Other
GCA_048593335.1	100	Other
GCA_028533085.1	76.85	Other
GCA_028533165.1	88.98	Other
GCA_028534055.1	76.38	Other
GCA_900006655.3	90.6	Other
GCA_030015415.1	97.89	Other
GCA_030463245.1	98.72	Other
GCA_037176705.1	98.41	Other
GCA_031835075.1	92.77	Other
GCA_032313775.1	4.48	Other
GCA_034620425.1	99.46	Other
GCA_036325905.1	98.09	Other
GCA_037038555.1	99.92	Other
GCA_038363225.1	99.07	Other
GCA_043290065.1	98.81	Other
GCA_048593245.1	100	Other
GCA_048772825.1	73.83	Other
GCA_900094665.2	97.96	Other
GCA_964106205.1	98.73	Other
GCA_921999095.2	95.92	Other
GCA_949820135.1	99.43	Other
GCA_963693515.1	99.42	Other
GCA_964023405.1	99.96	Other
GCA_003704135.2	97.41	Other
GCA_907164435.1	93.42	Other
GCA_907169655.1	95.42	Other
GCA_013052645.3	91.59	Other
GCA_009493645.1	97.52	Other
GCA_009760805.1	82.84	Other
GCA_010411085.1	96.01	Other
GCA_907164505.1	100	Other
GCA_000772465.1	88.73	Other
GCA_000978405.1	92.27	Other
GCA_022355385.1	95.6	Other
GCA_016906955.1	99.5	Other
GCA_014523465.1	99.63	Other
GCA_015711505.1	86.25	Other
GCA_016433145.1	92.62	Other
GCA_019924945.1	99.79	Other
GCA_020854095.1	99.34	Other
GCA_021498455.1	98.83	Other
GCA_023065835.1	98.19	Other
GCA_000001895.4	99.54	Other
GCA_000002265.1	87.32	Other
GCA_000001515.5	96.16	Other
GCA_000212995.1	92.52	Other
GCA_000002295.1	97.27	Other
GCA_000003625.1	82.11	Other
GCA_000002275.2	21.89	Other
GCA_000165445.3	98.84	Other
GCA_000004665.1	96.61	Other
GCA_000146795.3	96.13	Other
GCA_036418255.1	95.76	Other
GCA_000003205.6	99.66	Other
GCA_009806435.2	80.2	Other
GCA_000181335.6	99.78	Other
GCA_000247795.2	100	Other
GCA_039881165.1	99.34	Other
GCA_000258655.2	95.9	Other
GCA_000264685.2	92.5	Other
GCA_000298735.2	98.83	Other
GCA_040805955.1	100	Other
GCA_000364345.1	98.03	Other
GCA_011100615.1	97.24	Other
GCA_000409795.2	99.36	Other
GCA_049350105.1	100	Other
GCA_921997125.2	99.79	Other
GCA_921997145.2	99.72	Other
GCA_921998315.2	98.71	Other
GCA_921998325.2	99.76	Other
GCA_921998355.2	99.81	Other
GCA_921998555.2	99.74	Other
GCA_921998905.2	99.8	Other
GCA_921999865.2	99.78	Other
GCA_947593165.1	94.87	Other
GCA_947599735.1	92.55	Other
GCA_964188535.1	96.71	Other
GCA_964188545.1	96.49	Other
GCA_921998335.2	99.68	Other
GCA_001624865.1	98.78	Other
GCA_921997135.2	99.83	Other
GCA_015443085.1	97.84	Other
GCA_001887905.1	98.8	Other
GCA_036562045.1	99.6	Other
GCA_016695395.2	97.41	Other
GCA_018466835.2	62.16	Other
GCA_018466855.2	72.42	Other
GCA_018467005.2	64.56	Other
GCA_018467155.2	43.42	Other
GCA_018469405.2	53.39	Other
GCA_018469415.2	59.48	Other
GCA_018469665.2	68.89	Other
GCA_018469685.2	78.16	Other
GCA_018469865.2	67.59	Other
GCA_018469875.2	56.7	Other
GCA_018469935.2	62.12	Other
GCA_018469945.2	61.23	Other
GCA_018470435.2	79.48	Other
GCA_018470455.2	68.99	Other
GCA_018471065.2	69.52	Other
GCA_018471075.2	65.64	Other
GCA_018471095.2	56.08	Other
GCA_018471515.2	78.59	Other
GCA_018471525.2	52.52	Other
GCA_018471545.2	72.07	Other
GCA_018472565.2	70.95	Other
GCA_018472575.2	72.71	Other
GCA_018472685.2	71.66	Other
GCA_018472695.2	84.74	Other
GCA_018472765.3	46.44	Other
GCA_018472825.2	67.79	Other
GCA_018472845.2	65.77	Other
GCA_018472855.2	49.37	Other
GCA_018473295.2	59.79	Other
GCA_018503245.2	69.01	Other
GCA_018503255.2	51.31	Other
GCA_018503265.2	62.76	Other
GCA_018503575.2	58.01	Other
GCA_018504045.2	59.1	Other
GCA_018504055.2	62.79	Other
GCA_018504065.2	75.69	Other
GCA_018504365.2	54.68	Other
GCA_018504625.2	63.31	Other
GCA_018504655.2	48.08	Other
GCA_018505825.2	62.09	Other
GCA_018505855.2	54.77	Other
GCA_018506155.2	60.6	Other
GCA_018506945.2	52.72	Other
GCA_018506955.2	50.35	Other
GCA_018852585.2	66.94	Other
GCA_018852605.3	100	Other
GCA_041899965.1	72.87	Other
GCA_041899975.1	60.06	Other
GCA_041899985.1	48.45	Other
GCA_041899995.1	55.2	Other
GCA_041900015.1	46.63	Other
GCA_041900105.1	39.9	Other
GCA_041900145.1	58.82	Other
GCA_041900245.1	60.68	Other
GCA_041900265.1	71.35	Other
GCA_042026455.1	57.91	Other
GCA_042026465.1	50.6	Other
GCA_042026475.1	62.47	Other
GCA_042026525.1	47	Other
GCA_042026535.1	48.55	Other
GCA_042027065.1	57.32	Other
GCA_042027095.1	72.2	Other
GCA_042027105.1	45.91	Other
GCA_042027145.1	84.33	Other
GCA_042027635.1	46.71	Other
GCA_042027645.1	73.44	Other
GCA_042027655.1	48.66	Other
GCA_042027665.1	74.25	Other
GCA_042027765.1	65.14	Other
GCA_042028025.1	38.86	Other
GCA_042028065.1	69.45	Other
GCA_042028145.1	67.05	Other
GCA_042028155.1	68.57	Other
GCA_042028165.1	51.22	Other
GCA_042028835.1	58.17	Other
GCA_042028875.1	51.25	Other
GCA_042028895.1	64.3	Other
GCA_042028945.1	56.86	Other
GCA_042028975.1	50.52	Other
GCA_042029385.1	52.34	Other
GCA_042029485.1	71.43	Other
GCA_042029495.1	48.76	Other
GCA_042029535.1	52.82	Other
GCA_042029545.1	50.21	Other
GCA_042029645.1	69.46	Other
GCA_042029905.1	79.99	Other
GCA_042030135.1	60.29	Other
GCA_042030185.1	52.21	Other
GCA_042030225.1	44.25	Other
GCA_042030255.1	48.74	Other
GCA_042030595.1	56.46	Other
GCA_042030605.1	50.21	Other
GCA_042030635.1	65.43	Other
GCA_042030695.1	48.01	Other
GCA_042030705.1	76.25	Other
GCA_042030975.1	77.54	Other
GCA_042031315.1	27.38	Other
GCA_042031355.1	68.81	Other
GCA_042031415.1	55.08	Other
GCA_042031485.1	64.81	Other
GCA_042031775.1	66.75	Other
GCA_042031805.1	63.7	Other
GCA_042031845.1	76.09	Other
GCA_042031945.1	65.22	Other
GCA_042031955.1	57.98	Other
GCA_042032115.1	60.54	Other
GCA_042032335.1	43.44	Other
GCA_042034105.1	54.63	Other
GCA_042034145.1	62.49	Other
GCA_042034155.1	72.02	Other
GCA_042034175.1	58	Other
GCA_042034195.1	62.2	Other
GCA_042034335.1	60.26	Other
GCA_042034345.1	83.89	Other
GCA_042034525.1	82	Other
GCA_042034575.1	62.94	Other
GCA_042034585.1	74.67	Other
GCA_042035175.1	64.23	Other
GCA_042036105.1	66.39	Other
GCA_042036205.1	61.05	Other
GCA_042036245.1	40.3	Other
GCA_042036255.1	78.4	Other
GCA_042036275.1	53.01	Other
GCA_042036285.1	66.71	Other
GCA_042036305.1	43.07	Other
GCA_042036395.1	58.32	Other
GCA_042036425.1	44.65	Other
GCA_042036915.1	69.21	Other
GCA_042036935.1	77.62	Other
GCA_042037155.1	64.18	Other
GCA_042037225.1	75.03	Other
GCA_042037355.1	74.28	Other
GCA_042037435.1	72.88	Other
GCA_042037445.1	39.74	Other
GCA_042037555.1	66.76	Other
GCA_042037625.1	77.63	Other
GCA_042037705.1	66.1	Other
GCA_042037715.1	63.25	Other
GCA_042037735.1	55.13	Other
GCA_012295265.2	99.39	Other
GCA_050042745.1	97.29	Other
GCA_037367245.1	99.8	Other
GCA_020142125.1	99.56	Other
GCA_038048745.1	96.87	Other
GCA_045269775.1	99.52	Other
GCA_028640845.1	99.48	Other
GCA_042257475.1	99.87	Other
GCA_035594765.1	85.34	Other
GCA_000090745.2	60.12	Other
GCA_041722995.2	97.18	Other
GCA_027244095.1	99.93	Other
GCA_964340495.1	99.39	Other
GCA_032191835.1	97	Other
GCA_965280105.1	99.84	Other
GCA_046524025.1	99.44	Other
GCA_043643385.1	99.64	Other
GCA_050231175.1	96.82	Other
GCA_040285375.1	100	Other
GCA_039797435.1	99.89	Other
GCA_019472885.1	97.02	Other
GCA_019473425.1	94.38	Other
GCA_033807585.1	90.67	Other
GCA_039880765.1	94.07	Other
GCA_021028975.2	97.53	Other
GCA_041380405.1	99.98	Other
GCA_049243985.1	98.22	Other
GCA_964659585.1	99.41	Other
GCA_049901735.1	98.98	Other
GCA_016801415.1	94.99	Other
GCA_019175285.1	92.67	Other
GCA_039707465.1	97.58	Other
GCA_964265115.1	99.87	Other
GCA_004329235.1	97.6	Other
GCA_014706415.1	72.31	Other
GCA_965153305.2	99.2	Other
GCA_047335585.1	100	Other
GCA_048414675.1	97.62	Other
GCA_051106095.1	99.65	Other
GCA_049901715.1	98.66	Other
GCA_050613815.1	97.11	Other
GCA_047301725.1	99.96	Other
GCA_011800845.1	91.19	Other
GCA_947686815.1	98.7	Other
GCA_964106635.2	99.43	Other
GCA_003400415.2	96.78	Other
GCA_965207765.1	99.48	Other
GCA_009733165.1	94.3	Other
GCA_964234825.1	97.63	Other
GCA_965113305.1	99.56	Other
GCA_016801065.1	92.75	Other
GCA_023653725.1	98.9	Other
GCA_965194845.1	97.78	Other
GCA_050000095.1	99.33	Other
GCA_030068395.2	99.27	Other
GCA_026122505.1	97.65	Other
GCA_007399415.1	94.92	Other
GCA_025201925.1	96.23	Other
GCA_023653815.1	98	Other
GCA_965117115.1	98.94	Other
GCA_003597395.2	98.78	Other
GCA_011386835.2	94.64	Other
GCA_009764565.4	100	Other
GCA_049999965.1	99.96	Other
GCA_044707075.1	97.72	Other
GCA_032595735.1	99.95	Other
GCA_048772765.1	99.51	Other
GCA_049634645.1	95.42	Other
GCA_037113585.1	99.95	Other
GCA_020497125.1	94.93	Other
GCA_032357905.1	96.77	Other
GCA_016161935.1	96.54	Other
GCA_050000005.1	83.32	Other
GCA_040782865.1	88.84	Other
GCA_013100865.1	99.16	Other
GCA_027887155.1	99.85	Other
GCA_028017835.1	99.72	Other
GCA_030012505.1	97.52	Other
GCA_965152235.1	99.57	Other
GCA_033296515.1	99.15	Other
GCA_033958435.1	99.59	Other
GCA_040894355.2	99.64	Other
GCA_045364815.1	97.35	Other
GCA_045781095.1	97.69	Other
GCA_965140235.1	99.89	Other
GCA_965140295.1	99.9	Other
GCA_965140265.1	99.14	Other
GCA_965152275.1	99.92	Other
GCA_015237465.2	99.81	Other
GCA_019425775.1	93.11	Other
GCA_000241765.5	37.46	Other
GCA_026652325.1	99.61	VGP
GCA_027410445.1	97.38	VGP
GCA_027917425.1	98.88	VGP
GCA_031893055.1	94.34	VGP
GCA_036172795.1	97.34	VGP
GCA_037306005.1	98.76	VGP
GCA_038048845.1	93.59	VGP
GCA_038501925.1	98.2	VGP
GCA_040206685.1	89.41	VGP
GCA_048565345.1	94.57	VGP
GCA_048569485.1	92.7	VGP
GCA_901765095.2	97.06	VGP
GCA_964204655.1	98.78	VGP
GCA_964205295.1	91.72	VGP
GCA_964261635.1	99.61	VGP
GCA_964263255.1	87.93	VGP
GCA_965119305.1	98.27	VGP
GCF_027358695.1	99.99	VGP
GCF_027579735.1	97.73	VGP
GCF_027789765.1	94.19	VGP
GCF_028390025.1	94.58	VGP
GCF_029499605.1	91.22	VGP
GCF_032444005.1	95.98	VGP
GCF_035609145.1	94.97	VGP
GCF_036172605.1	99.48	VGP
GCF_040894005.1	95.7	VGP
GCF_040937935.1	98.82	VGP
GCF_040938575.1	98.94	VGP
GCF_901001135.1	97.36	VGP
GCF_902459505.1	99.85	VGP
GCF_905171765.1	99.11	VGP
GCF_905171775.1	99.48	VGP
GCA_008658365.1	99.44	VGP
GCA_009764595.1	98.68	VGP
GCA_009769465.1	98.73	VGP
GCA_009769525.1	99.62	VGP
GCA_009769605.1	99.44	VGP
GCA_009819595.1	99.5	VGP
GCA_009819605.1	99.25	VGP
GCA_009819775.1	99.23	VGP
GCA_009819825.1	99.62	VGP
GCA_011004875.1	99.54	VGP
GCA_014706295.1	0	VGP
GCA_014839755.1	99.64	VGP
GCA_016904835.1	99.04	VGP
GCA_017639485.1	99.84	VGP
GCA_017639555.1	99.54	VGP
GCA_020745705.1	99.65	VGP
GCA_020745775.1	99.36	VGP
GCA_020746105.1	99.57	VGP
GCA_020800305.1	96.03	VGP
GCA_023637945.2	99.8	VGP
GCA_027474245.1	98.23	VGP
GCA_027559615.1	90.78	VGP
GCA_027574665.1	93.2	VGP
GCA_028020825.1	93.16	VGP
GCA_028022735.1	98.15	VGP
GCA_028858755.1	97.89	VGP
GCA_030463565.1	98.15	VGP
GCA_030867145.1	96.23	VGP
GCA_031468815.1	93.8	VGP
GCA_031877795.1	94.73	VGP
GCA_031885435.1	96.4	VGP
GCA_034619465.1	91.25	VGP
GCA_036010785.1	85.9	VGP
GCA_036417535.1	96.22	VGP
GCA_036873955.1	95.61	VGP
GCA_036971685.2	94.54	VGP
GCA_037962945.1	95.63	VGP
GCA_039720435.1	91.5	VGP
GCA_039878825.1	98.65	VGP
GCA_039906565.1	97.84	VGP
GCA_045345405.1	97.21	VGP
GCA_045345515.1	94.4	VGP
GCA_045364795.1	92.97	VGP
GCA_046129655.1	95.41	VGP
GCA_046129695.1	96.46	VGP
GCA_047830755.1	96.75	VGP
GCA_047922985.1	96.63	VGP
GCA_048771995.1	100	VGP
GCA_901699155.2	98.31	VGP
GCA_903797595.2	91.7	VGP
GCA_907165065.1	99.33	VGP
GCA_949628215.1	96.21	VGP
GCA_951394365.1	99	VGP
GCA_963082525.1	98.46	VGP
GCA_963210335.1	92.99	VGP
GCA_963264785.1	97.61	VGP
GCA_963513975.1	90.12	VGP
GCA_963932225.1	90.39	VGP
GCA_963989345.1	95.1	VGP
GCA_964034855.1	91.45	VGP
GCA_964035555.1	98.77	VGP
GCA_964059595.1	95.05	VGP
GCA_964106855.1	92	VGP
GCA_964106895.1	89.98	VGP
GCA_964188345.1	91.78	VGP
GCA_964188355.1	94.6	VGP
GCA_964195595.2	95.07	VGP
GCA_964199755.1	90.55	VGP
GCA_964211825.1	92.12	VGP
GCA_964211835.1	92.76	VGP
GCA_964237585.1	92.66	VGP
GCA_964273445.1	86.64	VGP
GCA_964289735.1	94.91	VGP
GCA_964417175.1	91.55	VGP
GCA_965140245.1	91.82	VGP
GCA_965140915.1	92.36	VGP
GCA_965151615.1	89.73	VGP
GCA_965178545.1	91.17	VGP
GCA_965183815.1	95.57	VGP
GCA_965231255.1	82.53	VGP
GCA_965231275.1	97.33	VGP
GCA_965231335.1	88.82	VGP
GCF_003957555.1	99.1	VGP
GCF_004027225.2	99.31	VGP
GCF_009650955.1	99.48	VGP
GCF_009769625.2	99.67	VGP
GCF_009819655.1	99.14	VGP
GCF_009819795.1	99.57	VGP
GCF_009819885.2	99.1	VGP
GCF_009829145.1	99.7	VGP
GCF_012275295.1	96.04	VGP
GCF_013368605.1	99.43	VGP
GCF_014839835.1	99.31	VGP
GCF_015220075.1	99.62	VGP
GCF_015220805.1	97.79	VGP
GCF_015227805.1	98.16	VGP
GCF_016700215.2	99.33	VGP
GCF_017639655.2	99.13	VGP
GCF_017976375.1	99.19	VGP
GCF_020740725.1	98.38	VGP
GCF_020740795.1	99.5	VGP
GCF_020745825.1	94.66	VGP
GCF_023343835.1	99.14	VGP
GCF_023634085.1	94.14	VGP
GCF_023634155.1	92.88	VGP
GCF_023638135.1	93.47	VGP
GCF_026419915.1	97.38	VGP
GCF_026979565.1	99.37	VGP
GCF_027477595.1	99.57	VGP
GCF_027579445.1	96.36	VGP
GCF_027887145.1	94.66	VGP
GCF_028018845.1	98.34	VGP
GCF_028389875.1	95.16	VGP
GCF_028500815.1	92.01	VGP
GCF_028858705.1	95.87	VGP
GCF_028858725.1	96.71	VGP
GCF_029582105.1	97.17	VGP
GCF_030490865.1	98.87	VGP
GCF_030936135.1	92.1	VGP
GCF_035770615.1	89.23	VGP
GCF_036013445.1	91.64	VGP
GCF_036013475.1	88.17	VGP
GCF_036169615.1	99.25	VGP
GCF_036250125.1	97.05	VGP
GCF_036370855.1	93.56	VGP
GCF_036417665.1	96.87	VGP
GCF_036417845.1	92.22	VGP
GCF_037157495.1	96.65	VGP
GCF_040182565.1	97.94	VGP
GCF_040807025.1	97.78	VGP
GCF_900496995.4	99.3	VGP
GCF_929443795.1	90.68	VGP
GCF_947461875.1	96.49	VGP
GCF_963662255.1	93.89	VGP
GCF_963921805.1	96.78	VGP
GCF_963924245.1	87.31	VGP
GCF_963932015.1	95.8	VGP
GCA_013358685.1	97.54	VGP
GCA_014839685.1	99.97	VGP
GCA_014839995.1	97.34	VGP
GCA_017639675.1	99.78	VGP
GCA_019677235.1	98.17	VGP
GCA_020510985.1	99.7	VGP
GCA_020745685.1	99.89	VGP
GCA_024256435.1	98.3	VGP
GCA_027942865.1	99.27	VGP
GCA_028022725.1	99.86	VGP
GCA_031216445.1	99.07	VGP
GCA_036784965.1	0	VGP
GCA_037039145.1	98.77	VGP
GCA_038024135.1	97.9	VGP
GCA_038355195.1	98.34	VGP
GCA_041753875.1	100	VGP
GCA_041902795.1	88.4	VGP
GCA_041903045.1	99.35	VGP
GCA_042242135.1	83.22	VGP
GCA_043250625.1	99.25	VGP
GCA_044231665.1	98.44	VGP
GCA_044231675.1	95.58	VGP
GCA_045362495.1	98.96	VGP
GCA_045363895.1	98.09	VGP
GCA_046255685.1	92.37	VGP
GCA_047301625.1	99.16	VGP
GCA_047511565.1	98.18	VGP
GCA_048126635.1	99.63	VGP
GCA_048128725.1	99.17	VGP
GCA_048128805.1	97.99	VGP
GCA_048129055.1	91.55	VGP
GCA_048129235.1	96.45	VGP
GCA_048301445.1	89.72	VGP
GCA_048301465.1	97.25	VGP
GCA_048301585.1	99.72	VGP
GCA_048537225.1	93.29	VGP
GCA_048544225.1	97.94	VGP
GCA_048569125.1	70.61	VGP
GCA_048628825.1	96.67	VGP
GCA_049082185.1	93.68	VGP
GCA_049190665.1	82.82	VGP
GCA_901001165.2	91.46	VGP
GCA_905171665.2	98.69	VGP
GCA_910589615.1	100	VGP
GCA_910591455.2	99.96	VGP
GCA_933228915.1	99.72	VGP
GCA_936440315.1	99.78	VGP
GCA_944039275.1	99.85	VGP
GCA_946808225.1	98.89	VGP
GCA_947034865.1	99.74	VGP
GCA_947650265.1	98.49	VGP
GCA_949152265.1	99.49	VGP
GCA_949319135.1	98.85	VGP
GCA_949357685.1	98.82	VGP
GCA_949357725.1	91.28	VGP
GCA_949606895.1	93.47	VGP
GCA_949748355.1	94.96	VGP
GCA_949987555.1	87.23	VGP
GCA_949987615.1	95.8	VGP
GCA_949987685.1	95.51	VGP
GCA_951216825.1	88.73	VGP
GCA_951799395.1	92.32	VGP
GCA_951799975.1	98.25	VGP
GCA_951802725.1	99.56	VGP
GCA_960531495.1	97.09	VGP
GCA_963280865.1	95.74	VGP
GCA_963383615.1	93.63	VGP
GCA_963422515.1	94.09	VGP
GCA_963454915.1	97.75	VGP
GCA_963457635.1	95.61	VGP
GCA_963457725.1	97.95	VGP
GCA_963514085.1	96.62	VGP
GCA_963514095.1	96.34	VGP
GCA_963691815.1	99.21	VGP
GCA_963854745.1	99.73	VGP
GCA_963921795.1	97.2	VGP
GCA_963924005.1	94.71	VGP
GCA_963969265.1	99.78	VGP
GCA_963971535.1	92.36	VGP
GCA_963989245.1	95.31	VGP
GCA_963993115.1	99.12	VGP
GCA_964030765.1	88.93	VGP
GCA_964188405.1	100	VGP
GCA_964197995.1	95.02	VGP
GCA_964263955.1	72.85	VGP
GCA_964266715.1	82.42	VGP
GCA_964276395.1	97.82	VGP
GCA_964374335.1	99.9	VGP
GCA_964638095.1	88.16	VGP
GCA_965113295.1	96.76	VGP
GCA_965226115.1	100	VGP
GCA_965226575.1	92.78	VGP
GCF_007364275.1	88.79	VGP
GCF_009762535.1	97.62	VGP
GCF_009769545.1	99.86	VGP
GCF_009819705.1	99.82	VGP
GCF_009829125.3	99.54	VGP
GCF_011004845.1	99.79	VGP
GCF_013347855.1	99.85	VGP
GCF_013368585.1	98.92	VGP
GCF_015220715.1	99.93	VGP
GCF_015220745.1	99.07	VGP
GCF_017639745.1	99.67	VGP
GCF_017976325.1	99.97	VGP
GCF_017976425.1	99.31	VGP
GCF_018492685.1	99.42	VGP
GCF_020382885.2	99.76	VGP
GCF_021462225.1	99.63	VGP
GCF_023375975.1	96.24	VGP
GCF_027358585.1	99.94	VGP
GCF_027409825.1	98.94	VGP
GCF_027579695.1	99.98	VGP
GCF_029633855.1	94.51	VGP
GCF_029633865.1	95.77	VGP
GCF_030014385.1	97.47	VGP
GCF_030463535.1	99.61	VGP
GCF_036373705.1	93.86	VGP
GCF_039877785.1	99.88	VGP
GCF_040954835.1	89.09	VGP
GCF_042242105.1	96.89	VGP
GCF_043641665.1	99.51	VGP
GCF_900324465.2	99.74	VGP
GCF_900324485.2	96.77	VGP
GCF_900634415.1	94.36	VGP
GCF_900634625.1	93.22	VGP
GCF_900634775.1	93.54	VGP
GCF_900634795.4	99.64	VGP
GCF_900700375.1	91.2	VGP
GCF_900747795.2	99.88	VGP
GCF_900880675.1	98.19	VGP
GCF_900963305.1	99.26	VGP
GCF_900964775.1	99.16	VGP
GCF_901000725.2	96.35	VGP
GCF_901709675.1	98.18	VGP
GCF_902148845.1	95.53	VGP
GCF_902148855.1	96.5	VGP
GCF_902150065.1	99.55	VGP
GCF_902167405.1	97.52	VGP
GCF_902362185.1	99.87	VGP
GCF_902500255.1	97.94	VGP
GCF_902713425.1	95.37	VGP
GCF_904848185.1	99.36	VGP
GCF_910596095.1	99.4	VGP
GCF_914725855.1	99.72	VGP
GCF_947347685.1	91.25	VGP
GCF_949316205.1	99.35	VGP
GCF_949316345.1	97.01	VGP
GCF_958295425.1	97.82	VGP
GCF_963082965.1	98.41	VGP
GCF_963514075.1	97.59	VGP
GCF_963576545.1	89.02	VGP
GCF_963584025.1	94.23	VGP
GCF_963691925.1	95.82	VGP
GCF_963692335.1	95.8	VGP
GCF_963854185.1	98.34	VGP
GCF_963924715.1	99.18	VGP
GCF_963930695.1	99.34	VGP
GCA_003287225.2	0	VGP
GCA_005190385.3	0	VGP
GCA_009914755.4	100	VGP
GCA_011762505.3	96.25	VGP
GCA_022682495.2	96.29	VGP
GCA_023851605.1	99.52	VGP
GCA_026018925.1	0	VGP
GCA_026229955.1	0	VGP
GCA_026230055.1	0	VGP
GCA_027563665.1	99.59	VGP
GCA_028451465.1	99.76	VGP
GCA_028571685.1	99.93	VGP
GCA_030035585.1	99.58	VGP
GCA_030848825.1	98.44	VGP
GCA_031876335.1	98.73	VGP
GCA_031878675.1	91.15	VGP
GCA_031878705.1	98.39	VGP
GCA_036417435.1	94.57	VGP
GCA_036426135.1	97.53	VGP
GCA_037038515.1	99.15	VGP
GCA_037038545.1	99.96	VGP
GCA_037157525.1	98.94	VGP
GCA_037893015.1	95.61	VGP
GCA_038363095.2	97.74	VGP
GCA_038363145.1	98.74	VGP
GCA_039655065.1	99.87	VGP
GCA_039880945.1	97.34	VGP
GCA_040805955.1	100	VGP
GCA_040955705.1	99.35	VGP
GCA_041735815.1	100	VGP
GCA_041834305.1	78.76	VGP
GCA_043290085.1	98.83	VGP
GCA_043727835.1	98.31	VGP
GCA_043728065.1	91.37	VGP
GCA_043728145.1	97.17	VGP
GCA_043748575.1	98.25	VGP
GCA_043748645.1	99.65	VGP
GCA_043880285.1	98.79	VGP
GCA_043880425.1	92.41	VGP
GCA_043880545.1	96.09	VGP
GCA_043880595.1	97.51	VGP
GCA_045843805.1	91.4	VGP
GCA_046562885.1	99.86	VGP
GCA_046562895.1	97.99	VGP
GCA_047511655.1	99.02	VGP
GCA_048126345.1	0	VGP
GCA_048126745.1	93.07	VGP
GCA_048338725.1	100	VGP
GCA_048565385.1	99.98	VGP
GCA_048593225.1	100	VGP
GCA_048593235.1	100	VGP
GCA_048593285.1	100	VGP
GCA_048771875.1	97.02	VGP
GCA_048772815.1	58.36	VGP
GCA_049354715.1	100	VGP
GCA_902686455.2	92.7	VGP
GCA_903992545.1	98.76	VGP
GCA_905319855.2	98.91	VGP
GCA_949316315.1	96.29	VGP
GCA_949752795.1	89.23	VGP
GCA_949987585.1	97.35	VGP
GCA_951394435.1	89.39	VGP
GCA_951640355.1	98.85	VGP
GCA_963383645.1	99.78	VGP
GCA_963455305.1	99.84	VGP
GCA_963455335.1	98.23	VGP
GCA_963924515.1	97.66	VGP
GCA_963924665.1	84.97	VGP
GCA_964094495.2	97.52	VGP
GCA_964106545.1	98.84	VGP
GCA_964106825.2	97.79	VGP
GCA_964146895.2	97.58	VGP
GCA_964165515.1	82.11	VGP
GCA_964194105.1	95.47	VGP
GCA_964194135.1	98.6	VGP
GCA_964194185.1	96.52	VGP
GCA_964212035.2	98.98	VGP
GCA_964264875.2	88.57	VGP
GCA_964270905.1	91.94	VGP
GCA_964271855.1	96.96	VGP
GCA_964339955.1	97.19	VGP
GCA_964341445.1	79.62	VGP
GCA_964374135.1	89.46	VGP
GCA_964656225.1	94.63	VGP
GCA_964656455.1	99.54	VGP
GCA_964662115.1	73.71	VGP
GCA_965115925.1	95.08	VGP
GCA_965194805.1	79.3	VGP
GCA_965194825.1	79.11	VGP
GCF_003369695.1	97.88	VGP
GCF_004115215.2	98.23	VGP
GCF_004115265.2	99.28	VGP
GCF_004126475.2	99.88	VGP
GCF_007474595.2	99.95	VGP
GCF_008692025.1	99.92	VGP
GCF_009762305.2	99.93	VGP
GCF_009829155.1	99.85	VGP
GCF_009873245.2	99.83	VGP
GCF_011100635.1	99.75	VGP
GCF_011100685.1	94.83	VGP
GCF_011762595.1	98.74	VGP
GCF_014108235.1	0	VGP
GCF_014108245.1	0	VGP
GCF_014108415.1	0	VGP
GCF_014176215.1	0	VGP
GCF_015220235.1	99.95	VGP
GCF_015227675.2	99.66	VGP
GCF_015852505.1	94.31	VGP
GCF_019393635.1	100	VGP
GCF_020740605.2	97.15	VGP
GCF_020740685.1	98.74	VGP
GCF_020826845.1	91.9	VGP
GCF_024139225.1	99.9	VGP
GCF_024166365.1	99.84	VGP
GCF_025265405.1	95.77	VGP
GCF_026419965.1	97.25	VGP
GCF_027406575.1	99.13	VGP
GCF_027409185.1	97.63	VGP
GCF_027574615.1	99.82	VGP
GCF_027595985.1	99.95	VGP
GCF_027887165.1	100	VGP
GCF_028018385.1	99.98	VGP
GCF_028021215.1	89.28	VGP
GCF_028023285.1	95.85	VGP
GCF_028372415.1	99.53	VGP
GCF_028564815.1	93.65	VGP
GCF_028858775.2	100	VGP
GCF_028878055.3	100	VGP
GCF_028885625.2	100	VGP
GCF_028885655.2	100	VGP
GCF_029281585.2	100	VGP
GCF_029289425.2	99.99	VGP
GCF_030014295.1	93.81	VGP
GCF_030020395.1	96.27	VGP
GCF_030028045.1	98.7	VGP
GCF_030435755.1	86.68	VGP
GCF_030435805.1	100	VGP
GCF_030445035.2	97.61	VGP
GCF_036321535.1	92.6	VGP
GCF_036850765.1	98.75	VGP
GCF_036850995.1	98.12	VGP
GCF_037993035.1	100	VGP
GCF_039906515.1	94.41	VGP
GCF_042477335.2	99.94	VGP
GCF_043159975.1	98.72	VGP
GCF_047511675.1	96.64	VGP
GCF_048164855.1	99.75	VGP
GCF_902655055.1	99.66	VGP
GCF_902686445.1	92.29	VGP
GCF_903992535.2	99.43	VGP
GCF_903995425.1	97.08	VGP
GCF_903995435.1	98.42	VGP
GCF_910594005.1	96.02	VGP
GCF_922984935.1	95.16	VGP
GCF_937001465.1	93.76	VGP
GCF_947179515.1	95.59	VGP
GCF_949774975.1	94.47	VGP
GCF_949987515.2	88.77	VGP
GCF_949987535.1	89.88	VGP
GCF_950005125.1	98.05	VGP
GCF_950295315.1	97.35	VGP
GCF_963259705.1	98.8	VGP
GCF_963455315.2	89.15	VGP
GCF_963924675.1	94.41	VGP
GCF_963930625.1	96.03	VGP
GCF_964237555.1	98.29	VGP
GCA_040939525.1	97.76	VGP
GCA_048934315.1	73.9	VGP
GCA_964187855.1	87.26	VGP
GCA_964198595.1	94.23	VGP
GCF_037176945.1	99.48	VGP
GCA_021292165.1	90.41	VGP
GCA_023333525.2	99.4	VGP
GCA_024294585.1	99.3	VGP
GCA_029215775.1	0	VGP
GCA_030020295.1	99.51	VGP
GCA_030412105.1	99.97	VGP
GCA_030440675.1	100	VGP
GCA_030867105.1	99.91	VGP
GCA_032164245.1	0	VGP
GCA_033349115.1	99.58	VGP
GCA_033958435.1	99.59	VGP
GCA_035046505.1	99.06	VGP
GCA_040894355.2	99.64	VGP
GCA_045364815.1	97.35	VGP
GCA_045781085.1	97.73	VGP
GCA_046126795.1	99.02	VGP
GCA_047715975.1	99.83	VGP
GCA_947247035.1	99.32	VGP
GCA_951804945.1	99.8	VGP
GCA_964106645.2	99	VGP
GCA_964106915.2	99.54	VGP
GCA_964188175.1	95.7	VGP
GCA_964188305.1	97.71	VGP
GCA_964188315.1	99.6	VGP
GCA_964194415.1	98.45	VGP
GCA_964234715.1	94.93	VGP
GCA_964252035.1	99.28	VGP
GCA_964270895.1	98.72	VGP
GCA_964273705.1	98.94	VGP
GCA_965112155.1	97.05	VGP
GCA_965113315.1	99.06	VGP
GCA_965140235.1	99.89	VGP
GCA_965140285.1	99.54	VGP
GCA_965140295.1	99.9	VGP
GCA_965152235.1	99.57	VGP
GCA_965152275.1	99.92	VGP
GCA_965153285.1	99.26	VGP
GCF_007399415.2	94.92	VGP
GCF_009764565.3	100	VGP
GCF_009769535.1	98.37	VGP
GCF_009819535.1	99.98	VGP
GCF_015237465.2	99.81	VGP
GCF_023053635.1	99.98	VGP
GCF_025201925.1	96.24	VGP
GCF_027172205.1	100	VGP
GCF_027887155.1	99.85	VGP
GCF_028017835.1	99.72	VGP
GCF_028583425.1	99.77	VGP
GCF_029931775.1	98.35	VGP
GCF_030035675.1	99.81	VGP
GCF_030867095.1	99.33	VGP
GCF_031021105.1	97.07	VGP
GCF_035149785.1	99.44	VGP
GCF_037176765.1	99.98	VGP
GCF_963506605.1	99.7	VGP
GCA_035084275.1	94.27	VGP
GCA_963514005.1	96.03	VGP
GCA_964194155.1	88.16	VGP
GCA_964213995.1	85.41	VGP
GCF_009764475.1	99.62	VGP
GCF_010909765.2	95.37	VGP
GCF_017639515.1	99.57	VGP
GCF_020745735.1	92.22	VGP
GCF_030028105.1	90.51	VGP
GCF_030144855.1	89.6	VGP
GCF_030684315.1	93.35	VGP
GCF_035084215.1	85.96	VGP
GCF_036365525.1	75.6	VGP
GCF_036971445.1	94.11	VGP
GCF_044704955.1	88.08	VGP
GCF_902713615.1	97.26	VGP
