fraction	Nx_length
0.001	11849922
0.002	11849922
0.003	11849922
0.004	11849922
0.005	11849922
0.006	11849922
0.007	11849922
0.008	11849922
0.009	11849922
0.01	11849922
0.011	11849922
0.012	11849922
0.013	11849922
0.014	11849922
0.015	11849922
0.016	11849922
0.017	11849921
0.018	11849921
0.019	11849921
0.02	11849921
0.021	11849921
0.022	11849921
0.023	11849921
0.024	11849921
0.025	11849921
0.026	11849921
0.027	11849921
0.028	11849921
0.029	11849921
0.03	11849921
0.031	11849921
0.032	11849921
0.033	11849921
0.034	11849572
0.035	11849572
0.036	11849572
0.037	11849572
0.038	11849572
0.039	11849572
0.04	11849572
0.041	11849572
0.042	11849572
0.043	11849572
0.044	11849572
0.045	11849572
0.046	11849572
0.047	11849572
0.048	11849572
0.049	11849572
0.05	11849572
0.051	11849571
0.052	11849571
0.053	11849571
0.054	11849571
0.055	11849571
0.056	11849571
0.057	11849571
0.058	11849571
0.059	11849571
0.06	11849571
0.061	11849571
0.062	11849571
0.063	11849571
0.064	11849571
0.065	11849571
0.066	11849571
0.067	11849571
0.068	10794193
0.069	10794193
0.07	10794193
0.071	10794193
0.072	10794193
0.073	10794193
0.074	10794193
0.075	10794193
0.076	10794193
0.077	10794193
0.078	10794193
0.079	10794193
0.08	10794193
0.081	10794193
0.082	10794193
0.083	10794193
0.084	10794192
0.085	10794192
0.086	10794192
0.087	10794192
0.088	10794192
0.089	10794192
0.09	10794192
0.091	10794192
0.092	10794192
0.093	10794192
0.094	10794192
0.095	10794192
0.096	10794192
0.097	10794192
0.098	10794192
0.099	10793843
0.1	10793843
0.101	10793843
0.102	10793843
0.103	10793843
0.104	10793843
0.105	10793843
0.106	10793843
0.107	10793843
0.108	10793843
0.109	10793843
0.11	10793843
0.111	10793843
0.112	10793843
0.113	10793843
0.114	10793843
0.115	10793837
0.116	10793837
0.117	10793837
0.118	10793837
0.119	10793837
0.12	10793837
0.121	10793837
0.122	10793837
0.123	10793837
0.124	10793837
0.125	10793837
0.126	10793837
0.127	10793837
0.128	10793837
0.129	10793837
0.13	8415458
0.131	8415458
0.132	8415458
0.133	8415458
0.134	8415458
0.135	8415458
0.136	8415458
0.137	8415458
0.138	8415458
0.139	8415458
0.14	8415458
0.141	8415458
0.142	8341941
0.143	8341941
0.144	8341941
0.145	8341941
0.146	8341941
0.147	8341941
0.148	8341941
0.149	8341941
0.15	8341941
0.151	8341941
0.152	8341941
0.153	8341941
0.154	8008556
0.155	8008556
0.156	8008556
0.157	8008556
0.158	8008556
0.159	8008556
0.16	8008556
0.161	8008556
0.162	8008556
0.163	8008556
0.164	8008556
0.165	8008556
0.166	7692493
0.167	7692493
0.168	7692493
0.169	7692493
0.17	7692493
0.171	7692493
0.172	7692493
0.173	7692493
0.174	7692493
0.175	7692493
0.176	7692493
0.177	7378854
0.178	7378854
0.179	7378854
0.18	7378854
0.181	7378854
0.182	7378854
0.183	7378854
0.184	7378854
0.185	7378854
0.186	7378854
0.187	7223420
0.188	7223420
0.189	7223420
0.19	7223420
0.191	7223420
0.192	7223420
0.193	7223420
0.194	7223420
0.195	7223420
0.196	7223420
0.197	7223420
0.198	7037134
0.199	7037134
0.2	7037134
0.201	7037134
0.202	7037134
0.203	7037134
0.204	7037134
0.205	7037134
0.206	7037134
0.207	7037134
0.208	6870681
0.209	6870681
0.21	6870681
0.211	6870681
0.212	6870681
0.213	6870681
0.214	6870681
0.215	6870681
0.216	6870681
0.217	6870681
0.218	6192858
0.219	6192858
0.22	6192858
0.221	6192858
0.222	6192858
0.223	6192858
0.224	6192858
0.225	6192858
0.226	6192858
0.227	6002815
0.228	6002815
0.229	6002815
0.23	6002815
0.231	6002815
0.232	6002815
0.233	6002815
0.234	6002815
0.235	5997259
0.236	5997259
0.237	5997259
0.238	5997259
0.239	5997259
0.24	5997259
0.241	5997259
0.242	5997259
0.243	5997259
0.244	5931877
0.245	5931877
0.246	5931877
0.247	5931877
0.248	5931877
0.249	5931877
0.25	5931877
0.251	5931877
0.252	5905587
0.253	5905587
0.254	5905587
0.255	5905587
0.256	5905587
0.257	5905587
0.258	5905587
0.259	5905587
0.26	5905587
0.261	5598730
0.262	5598730
0.263	5598730
0.264	5598730
0.265	5598730
0.266	5598730
0.267	5598730
0.268	5598730
0.269	5272748
0.27	5272748
0.271	5272748
0.272	5272748
0.273	5272748
0.274	5272748
0.275	5272748
0.276	4366943
0.277	4366943
0.278	4366943
0.279	4366943
0.28	4366943
0.281	4366943
0.282	4366943
0.283	3956892
0.284	3956892
0.285	3956892
0.286	3956892
0.287	3956892
0.288	3919155
0.289	3919155
0.29	3919155
0.291	3919155
0.292	3919155
0.293	3919155
0.294	3847825
0.295	3847825
0.296	3847825
0.297	3847825
0.298	3847825
0.299	3748491
0.3	3748491
0.301	3748491
0.302	3748491
0.303	3748491
0.304	3748491
0.305	3009610
0.306	3009610
0.307	3009610
0.308	3009610
0.309	2004618
0.31	2004618
0.311	2004618
0.312	1331942
0.313	1331942
0.314	52768
0.315	23082
0.316	20400
0.317	19278
0.318	18158
0.319	17463
0.32	16727
0.321	16096
0.322	15707
0.323	15199
0.324	14820
0.325	14492
0.326	14109
0.327	13882
0.328	13627
0.329	13389
0.33	13188
0.331	12933
0.332	12749
0.333	12585
0.334	12404
0.335	12218
0.336	12064
0.337	11949
0.338	11821
0.339	11673
0.34	11525
0.341	11405
0.342	11275
0.343	11171
0.344	11055
0.345	10932
0.346	10844
0.347	10721
0.348	10639
0.349	10543
0.35	10442
0.351	10352
0.352	10272
0.353	10192
0.354	10115
0.355	10036
0.356	9958
0.357	9869
0.358	9795
0.359	9722
0.36	9643
0.361	9561
0.362	9481
0.363	9416
0.364	9352
0.365	9288
0.366	9225
0.367	9161
0.368	9089
0.369	9025
0.37	8970
0.371	8900
0.372	8838
0.373	8786
0.374	8731
0.375	8663
0.376	8604
0.377	8557
0.378	8510
0.379	8448
0.38	8391
0.381	8343
0.382	8295
0.383	8236
0.384	8183
0.385	8136
0.386	8095
0.387	8044
0.388	7991
0.389	7947
0.39	7897
0.391	7854
0.392	7804
0.393	7758
0.394	7718
0.395	7670
0.396	7620
0.397	7573
0.398	7541
0.399	7502
0.4	7459
0.401	7425
0.402	7382
0.403	7341
0.404	7307
0.405	7268
0.406	7219
0.407	7180
0.408	7145
0.409	7105
0.41	7072
0.411	7037
0.412	7001
0.413	6972
0.414	6943
0.415	6909
0.416	6869
0.417	6833
0.418	6800
0.419	6770
0.42	6738
0.421	6709
0.422	6678
0.423	6635
0.424	6607
0.425	6570
0.426	6541
0.427	6508
0.428	6475
0.429	6445
0.43	6415
0.431	6382
0.432	6349
0.433	6316
0.434	6284
0.435	6253
0.436	6222
0.437	6187
0.438	6157
0.439	6128
0.44	6095
0.441	6066
0.442	6030
0.443	6005
0.444	5975
0.445	5947
0.446	5917
0.447	5891
0.448	5860
0.449	5835
0.45	5806
0.451	5777
0.452	5749
0.453	5724
0.454	5701
0.455	5677
0.456	5650
0.457	5624
0.458	5597
0.459	5575
0.46	5549
0.461	5527
0.462	5501
0.463	5475
0.464	5451
0.465	5427
0.466	5404
0.467	5379
0.468	5353
0.469	5327
0.47	5305
0.471	5282
0.472	5258
0.473	5234
0.474	5211
0.475	5190
0.476	5168
0.477	5148
0.478	5125
0.479	5099
0.48	5077
0.481	5057
0.482	5036
0.483	5013
0.484	4989
0.485	4965
0.486	4944
0.487	4923
0.488	4904
0.489	4880
0.49	4857
0.491	4835
0.492	4816
0.493	4796
0.494	4775
0.495	4753
0.496	4735
0.497	4713
0.498	4693
0.499	4668
0.5	4646
0.501	4626
0.502	4605
0.503	4586
0.504	4566
0.505	4547
0.506	4527
0.507	4509
0.508	4489
0.509	4473
0.51	4455
0.511	4435
0.512	4416
0.513	4398
0.514	4378
0.515	4358
0.516	4343
0.517	4325
0.518	4305
0.519	4288
0.52	4272
0.521	4255
0.522	4236
0.523	4216
0.524	4199
0.525	4185
0.526	4167
0.527	4147
0.528	4130
0.529	4112
0.53	4095
0.531	4077
0.532	4060
0.533	4045
0.534	4027
0.535	4009
0.536	3991
0.537	3974
0.538	3956
0.539	3938
0.54	3921
0.541	3904
0.542	3887
0.543	3871
0.544	3853
0.545	3837
0.546	3822
0.547	3806
0.548	3788
0.549	3773
0.55	3757
0.551	3742
0.552	3725
0.553	3707
0.554	3692
0.555	3675
0.556	3660
0.557	3644
0.558	3629
0.559	3614
0.56	3597
0.561	3583
0.562	3568
0.563	3553
0.564	3538
0.565	3524
0.566	3508
0.567	3493
0.568	3479
0.569	3463
0.57	3449
0.571	3435
0.572	3420
0.573	3407
0.574	3393
0.575	3378
0.576	3363
0.577	3349
0.578	3335
0.579	3319
0.58	3305
0.581	3290
0.582	3275
0.583	3263
0.584	3249
0.585	3234
0.586	3220
0.587	3207
0.588	3193
0.589	3180
0.59	3164
0.591	3151
0.592	3138
0.593	3125
0.594	3111
0.595	3097
0.596	3084
0.597	3072
0.598	3058
0.599	3045
0.6	3032
0.601	3021
0.602	3008
0.603	2995
0.604	2981
0.605	2969
0.606	2955
0.607	2942
0.608	2929
0.609	2916
0.61	2903
0.611	2890
0.612	2877
0.613	2863
0.614	2851
0.615	2838
0.616	2826
0.617	2814
0.618	2801
0.619	2789
0.62	2777
0.621	2765
0.622	2753
0.623	2740
0.624	2727
0.625	2714
0.626	2702
0.627	2690
0.628	2676
0.629	2665
0.63	2653
0.631	2641
0.632	2629
0.633	2618
0.634	2605
0.635	2592
0.636	2581
0.637	2570
0.638	2559
0.639	2548
0.64	2537
0.641	2524
0.642	2513
0.643	2502
0.644	2491
0.645	2480
0.646	2468
0.647	2456
0.648	2446
0.649	2435
0.65	2424
0.651	2414
0.652	2402
0.653	2391
0.654	2380
0.655	2369
0.656	2357
0.657	2347
0.658	2336
0.659	2325
0.66	2314
0.661	2303
0.662	2294
0.663	2283
0.664	2274
0.665	2262
0.666	2252
0.667	2242
0.668	2231
0.669	2220
0.67	2209
0.671	2199
0.672	2187
0.673	2178
0.674	2168
0.675	2158
0.676	2146
0.677	2137
0.678	2127
0.679	2117
0.68	2107
0.681	2097
0.682	2087
0.683	2078
0.684	2068
0.685	2059
0.686	2049
0.687	2039
0.688	2029
0.689	2019
0.69	2009
0.691	1999
0.692	1988
0.693	1979
0.694	1969
0.695	1959
0.696	1950
0.697	1940
0.698	1931
0.699	1922
0.7	1913
0.701	1904
0.702	1893
0.703	1885
0.704	1875
0.705	1866
0.706	1856
0.707	1847
0.708	1838
0.709	1830
0.71	1821
0.711	1812
0.712	1803
0.713	1793
0.714	1784
0.715	1775
0.716	1766
0.717	1758
0.718	1749
0.719	1740
0.72	1731
0.721	1723
0.722	1714
0.723	1706
0.724	1697
0.725	1688
0.726	1680
0.727	1671
0.728	1662
0.729	1654
0.73	1645
0.731	1637
0.732	1629
0.733	1620
0.734	1611
0.735	1603
0.736	1595
0.737	1587
0.738	1579
0.739	1570
0.74	1562
0.741	1554
0.742	1546
0.743	1538
0.744	1529
0.745	1522
0.746	1513
0.747	1506
0.748	1498
0.749	1491
0.75	1483
0.751	1475
0.752	1467
0.753	1459
0.754	1451
0.755	1444
0.756	1436
0.757	1428
0.758	1420
0.759	1412
0.76	1405
0.761	1397
0.762	1389
0.763	1382
0.764	1374
0.765	1366
0.766	1359
0.767	1351
0.768	1344
0.769	1337
0.77	1329
0.771	1321
0.772	1313
0.773	1306
0.774	1299
0.775	1292
0.776	1285
0.777	1277
0.778	1270
0.779	1263
0.78	1256
0.781	1250
0.782	1242
0.783	1235
0.784	1228
0.785	1222
0.786	1215
0.787	1208
0.788	1201
0.789	1194
0.79	1187
0.791	1180
0.792	1173
0.793	1166
0.794	1160
0.795	1153
0.796	1146
0.797	1139
0.798	1132
0.799	1125
0.8	1118
0.801	1112
0.802	1105
0.803	1099
0.804	1092
0.805	1086
0.806	1079
0.807	1072
0.808	1065
0.809	1059
0.81	1053
0.811	1047
0.812	1040
0.813	1033
0.814	1027
0.815	1020
0.816	1014
0.817	1008
0.818	1002
0.819	995
0.82	990
0.821	983
0.822	977
0.823	971
0.824	965
0.825	959
0.826	953
0.827	947
0.828	941
0.829	935
0.83	928
0.831	922
0.832	917
0.833	911
0.834	904
0.835	898
0.836	892
0.837	886
0.838	880
0.839	874
0.84	868
0.841	863
0.842	857
0.843	851
0.844	845
0.845	839
0.846	833
0.847	826
0.848	818
0.849	809
0.85	800
0.851	792
0.852	784
0.853	776
0.854	768
0.855	759
0.856	752
0.857	743
0.858	736
0.859	727
0.86	720
0.861	712
0.862	705
0.863	698
0.864	691
0.865	683
0.866	676
0.867	669
0.868	662
0.869	655
0.87	648
0.871	641
0.872	634
0.873	628
0.874	621
0.875	614
0.876	608
0.877	601
0.878	595
0.879	589
0.88	582
0.881	576
0.882	570
0.883	564
0.884	558
0.885	552
0.886	547
0.887	541
0.888	536
0.889	530
0.89	525
0.891	520
0.892	514
0.893	509
0.894	504
0.895	499
0.896	495
0.897	490
0.898	485
0.899	481
0.9	476
0.901	472
0.902	467
0.903	463
0.904	459
0.905	454
0.906	450
0.907	446
0.908	442
0.909	438
0.91	434
0.911	430
0.912	427
0.913	423
0.914	419
0.915	415
0.916	412
0.917	408
0.918	405
0.919	401
0.92	398
0.921	394
0.922	391
0.923	388
0.924	385
0.925	382
0.926	378
0.927	375
0.928	372
0.929	369
0.93	366
0.931	363
0.932	360
0.933	357
0.934	354
0.935	352
0.936	349
0.937	346
0.938	344
0.939	341
0.94	339
0.941	336
0.942	333
0.943	331
0.944	328
0.945	326
0.946	323
0.947	321
0.948	318
0.949	316
0.95	314
0.951	311
0.952	309
0.953	307
0.954	304
0.955	302
0.956	300
0.957	298
0.958	295
0.959	293
0.96	291
0.961	289
0.962	287
0.963	285
0.964	283
0.965	281
0.966	279
0.967	277
0.968	275
0.969	273
0.97	272
0.971	270
0.972	268
0.973	266
0.974	265
0.975	263
0.976	261
0.977	260
0.978	258
0.979	257
0.98	255
0.981	254
0.982	252
0.983	251
0.984	249
0.985	248
0.986	246
0.987	245
0.988	243
0.989	242
0.99	241
0.991	240
0.992	238
0.993	237
0.994	236
0.995	234
0.996	233
0.997	232
0.998	230
0.999	229
1.0	200
